school,sex,age,address,famsize,Pstatus,Medu,Fedu,traveltime,studytime,failures,schoolsup,famsup,paid,activities,nursery,higher,internet,romantic,famrel,freetime,goout,Dalc,Walc,health,absences,G1,G2,G3,passed
GP,M,21,R,GT3,T,2,4,2,2,2,yes,yes,yes,yes,yes,yes,no,yes,4,5,3,3,2,2,82,6,1,20,1
MS,F,18,R,LE3,T,0,0,3,4,1,yes,yes,no,yes,no,no,yes,no,2,2,4,3,1,5,85,10,14,0,0
GP,F,20,R,LE3,T,4,0,3,3,1,yes,yes,yes,no,yes,yes,yes,yes,1,5,1,4,2,5,56,7,3,3,0
GP,F,22,R,LE3,T,2,4,2,2,1,yes,no,no,yes,no,no,no,no,4,1,1,4,1,4,64,13,4,0,0
GP,F,22,U,GT3,A,1,2,2,2,0,yes,no,no,yes,no,no,yes,yes,1,3,5,2,1,4,68,1,14,12,1
MS,F,17,U,GT3,T,2,4,4,3,1,yes,yes,no,no,no,yes,no,no,4,2,2,5,2,3,48,9,10,13,1
GP,M,22,R,GT3,T,2,4,3,4,3,no,yes,no,no,yes,yes,yes,yes,4,3,1,1,5,1,32,20,9,14,1
GP,F,21,U,GT3,T,1,2,3,2,3,yes,yes,no,no,no,no,no,no,4,1,4,1,3,4,18,15,16,16,1
GP,M,19,R,GT3,A,3,4,2,3,3,no,no,yes,yes,yes,no,no,yes,1,2,4,3,5,2,35,15,1,11,1
MS,M,15,U,GT3,T,3,0,1,4,0,no,yes,yes,yes,no,yes,no,yes,4,3,5,1,1,5,69,18,19,6,0
GP,F,21,R,GT3,T,0,4,2,4,1,no,no,no,no,no,no,no,yes,2,3,4,3,2,1,14,10,9,18,1
GP,F,19,R,LE3,A,0,2,3,2,0,no,no,no,yes,no,yes,no,no,5,2,5,5,2,5,23,5,19,2,0
GP,M,20,U,GT3,A,3,3,2,1,1,yes,no,no,yes,yes,yes,yes,yes,5,3,1,1,2,1,26,5,2,17,1
GP,F,22,U,LE3,T,4,4,4,1,2,no,yes,yes,yes,yes,no,yes,yes,4,3,1,3,2,4,48,6,18,3,0
MS,F,20,R,LE3,T,2,1,1,2,2,no,no,yes,no,no,yes,no,yes,5,2,1,5,3,4,74,15,4,2,0
GP,M,22,R,GT3,T,4,0,2,4,0,no,yes,yes,no,yes,yes,yes,no,5,3,1,5,4,3,22,12,2,11,1
MS,M,15,U,GT3,T,2,0,4,2,3,no,yes,yes,yes,yes,no,no,yes,4,3,2,3,1,1,32,2,7,11,1
MS,F,16,U,LE3,T,3,1,3,3,0,no,yes,yes,yes,yes,yes,no,no,4,4,2,3,3,2,40,8,4,16,1
MS,M,15,R,LE3,A,0,1,2,1,3,yes,yes,yes,yes,no,yes,yes,yes,2,4,1,2,5,4,55,2,11,5,0
GP,F,18,U,GT3,A,0,4,3,3,1,yes,no,yes,yes,yes,yes,yes,no,3,1,4,5,4,3,28,5,13,14,1
MS,F,21,R,GT3,T,4,1,4,2,3,no,no,yes,no,no,yes,no,no,1,4,5,3,4,4,30,16,6,1,0
GP,F,17,R,LE3,T,0,3,3,2,3,yes,no,no,no,no,no,no,yes,4,4,3,5,2,5,64,2,10,7,0
MS,M,16,R,GT3,A,3,2,4,4,1,yes,no,yes,yes,no,yes,no,no,4,1,5,1,3,4,17,1,7,13,1
MS,M,15,R,GT3,T,4,1,4,4,2,no,yes,yes,yes,yes,no,no,no,5,3,3,4,5,1,81,11,4,4,0
MS,M,19,U,GT3,T,2,1,4,4,1,no,yes,yes,no,no,yes,no,yes,2,3,3,4,2,3,5,5,7,2,0
MS,M,16,U,LE3,T,0,3,2,3,0,no,yes,yes,yes,yes,no,no,no,5,4,1,3,2,1,51,9,11,9,0
MS,M,21,U,LE3,T,1,0,3,4,0,yes,yes,no,no,yes,yes,yes,no,4,1,3,3,1,2,39,10,14,6,0
MS,F,22,U,LE3,T,0,0,3,2,0,no,no,yes,yes,no,no,no,no,4,3,1,5,4,2,64,15,18,10,1
MS,F,16,U,GT3,A,2,4,1,4,0,yes,yes,no,no,no,yes,no,no,5,5,2,3,5,4,41,15,15,14,1
MS,F,22,U,GT3,T,4,3,1,1,0,yes,no,no,yes,no,yes,yes,yes,4,2,4,5,4,3,93,17,13,1,0
GP,F,21,U,LE3,T,2,2,1,4,2,yes,yes,no,yes,yes,yes,no,no,3,2,3,3,3,3,67,8,6,4,0
GP,M,15,R,LE3,T,1,2,1,3,2,no,yes,yes,no,yes,yes,no,no,1,2,4,5,1,3,31,20,7,10,1
MS,F,21,U,LE3,A,3,3,3,1,3,yes,yes,yes,no,no,no,yes,yes,1,4,1,3,2,3,9,18,6,7,0
MS,M,16,U,GT3,A,0,2,4,1,0,no,yes,yes,yes,no,no,no,yes,1,2,3,2,1,4,68,1,17,12,1
MS,F,19,R,LE3,A,4,0,4,1,1,no,no,no,yes,yes,yes,yes,no,3,2,5,5,2,1,8,0,5,10,1
GP,M,20,U,LE3,A,3,2,2,3,0,no,no,no,no,yes,no,no,yes,4,5,2,2,1,4,68,15,18,16,1
MS,M,16,U,GT3,T,2,2,4,2,2,no,no,no,no,no,yes,yes,yes,5,3,2,2,2,1,60,17,3,14,1
GP,F,21,R,GT3,A,4,3,3,4,0,no,no,no,yes,yes,yes,yes,yes,2,5,3,2,4,5,10,2,2,0,0
GP,F,20,U,GT3,T,3,3,3,1,2,yes,yes,yes,yes,yes,no,yes,yes,4,4,2,2,4,5,90,0,16,18,1
GP,F,21,U,LE3,T,4,2,3,1,3,yes,yes,yes,no,yes,no,no,yes,3,2,5,1,4,1,67,5,18,15,1
GP,F,19,U,GT3,A,1,1,2,1,3,yes,no,yes,no,yes,no,no,yes,3,3,4,4,4,4,73,18,14,18,1
GP,M,21,R,GT3,A,1,3,1,2,3,yes,no,no,no,yes,yes,yes,yes,1,2,5,1,1,2,7,18,5,12,1
MS,F,15,U,LE3,A,0,4,4,2,2,yes,yes,no,no,yes,yes,yes,yes,4,2,2,3,2,4,48,10,11,3,0
MS,F,17,U,GT3,A,0,4,3,3,0,no,yes,yes,no,no,no,no,yes,1,4,4,3,4,2,23,7,18,10,1
MS,M,22,R,LE3,A,1,0,3,2,0,no,no,yes,yes,yes,yes,no,no,2,2,5,4,1,4,32,4,5,17,1
MS,F,22,U,LE3,T,4,2,1,4,1,yes,no,no,yes,no,no,no,no,1,1,1,4,2,3,18,19,10,17,1
MS,F,16,R,GT3,A,1,1,3,3,2,yes,no,yes,no,no,no,no,no,2,3,1,4,1,3,1,8,19,9,0
GP,F,17,R,GT3,A,0,0,4,3,1,yes,yes,yes,yes,yes,no,no,no,3,3,4,2,4,5,54,14,19,16,1
MS,F,21,U,GT3,A,1,2,2,4,3,no,no,no,yes,no,no,yes,no,1,1,4,1,3,5,10,20,9,12,1
MS,F,19,R,GT3,T,1,3,3,4,0,no,no,no,no,no,no,no,yes,1,4,4,3,1,1,16,13,15,13,1
GP,M,16,R,GT3,A,4,4,4,4,2,no,no,no,yes,no,no,yes,yes,5,2,1,1,4,2,41,3,17,6,0
MS,F,21,U,GT3,T,3,1,3,3,1,yes,no,yes,yes,yes,yes,no,no,3,2,5,1,5,3,60,7,13,9,0
GP,F,20,R,LE3,A,0,4,1,3,1,yes,no,no,yes,no,yes,yes,no,5,3,4,1,2,4,2,19,3,2,0
MS,F,18,R,LE3,A,4,3,3,3,1,yes,yes,yes,no,yes,no,yes,yes,2,4,1,4,4,1,85,16,11,1,0
GP,F,21,U,GT3,T,1,2,3,4,0,yes,no,yes,no,no,no,no,no,2,4,4,4,5,4,34,1,19,18,1
MS,F,17,U,LE3,A,1,3,2,4,0,no,yes,no,yes,no,no,yes,yes,3,4,4,3,1,3,84,19,20,6,0
MS,M,16,U,GT3,T,3,3,1,1,0,yes,no,yes,yes,no,yes,yes,no,2,2,4,3,1,3,88,15,7,4,0
GP,F,17,R,LE3,T,0,4,1,2,2,yes,no,no,yes,no,no,yes,yes,3,4,1,3,5,3,65,9,6,2,0
GP,M,16,U,LE3,T,0,1,2,1,0,yes,no,no,yes,yes,no,yes,no,2,1,5,1,5,3,0,1,8,1,0
GP,M,21,R,LE3,A,2,3,3,4,2,no,yes,yes,yes,no,no,no,yes,4,5,1,4,2,4,6,10,16,5,0
GP,F,15,R,GT3,A,0,4,4,3,1,no,yes,yes,yes,no,yes,yes,no,1,4,1,2,1,1,19,9,9,13,1
GP,F,20,R,LE3,A,3,1,1,4,1,yes,yes,no,no,yes,no,no,no,4,5,4,1,5,3,42,18,2,6,0
GP,F,21,R,GT3,T,2,2,1,2,3,no,no,no,yes,yes,yes,yes,yes,3,2,3,5,3,5,5,13,20,1,0
GP,F,22,R,LE3,A,2,2,3,1,0,no,no,no,yes,yes,yes,no,yes,3,4,3,1,3,1,54,10,7,10,1
GP,M,17,R,LE3,T,1,0,3,1,1,no,yes,no,no,no,no,no,no,4,3,3,4,5,5,20,8,13,20,1
MS,F,18,R,LE3,A,1,4,1,3,0,no,yes,no,yes,yes,yes,no,no,1,2,1,5,2,4,50,6,6,2,0
MS,F,18,U,LE3,T,0,1,3,1,2,no,no,no,yes,yes,yes,yes,yes,1,1,4,1,1,3,45,14,15,8,0
GP,F,19,U,LE3,T,2,3,4,1,1,yes,yes,yes,yes,yes,yes,no,yes,5,1,3,4,3,1,34,19,17,7,0
MS,F,16,R,GT3,T,1,2,1,4,0,yes,no,yes,yes,yes,no,no,yes,2,5,2,4,5,3,7,16,10,10,1
MS,F,17,R,GT3,A,3,1,4,1,1,yes,yes,yes,no,yes,yes,yes,no,5,5,2,2,5,3,67,2,5,17,1
MS,F,19,U,LE3,T,1,4,4,1,1,no,yes,yes,yes,yes,no,no,no,1,3,2,1,4,1,15,14,19,0,0
MS,M,17,R,LE3,T,1,0,3,1,0,no,yes,no,no,no,no,yes,yes,4,3,5,4,5,3,66,13,20,14,1
GP,M,22,U,LE3,T,2,2,4,3,1,no,no,yes,yes,yes,no,yes,no,2,1,4,3,2,3,70,7,13,3,0
MS,F,16,U,LE3,T,2,1,3,3,1,no,no,yes,yes,no,yes,no,no,4,4,1,4,3,2,63,3,20,3,0
GP,F,21,U,GT3,T,4,1,2,4,1,yes,yes,no,no,yes,no,yes,yes,5,1,1,2,4,2,1,9,12,9,0
MS,F,21,R,LE3,T,3,1,3,1,1,yes,no,yes,yes,yes,yes,yes,no,3,1,4,4,3,1,0,1,3,10,1
MS,M,18,R,GT3,A,2,4,4,3,2,yes,no,no,no,yes,yes,yes,yes,4,3,5,1,3,1,57,13,19,17,1
MS,F,21,U,LE3,A,0,4,2,3,1,yes,no,no,no,no,yes,no,yes,5,5,4,1,2,3,0,7,19,14,1
GP,M,21,U,GT3,T,3,4,3,4,3,yes,no,no,no,yes,yes,yes,no,5,3,5,5,5,5,6,9,10,2,0
MS,F,22,U,LE3,A,3,3,4,2,1,yes,yes,no,yes,yes,no,yes,no,5,3,3,1,2,1,87,17,17,6,0
GP,F,15,U,LE3,A,2,1,1,1,0,no,no,no,yes,yes,no,yes,yes,3,3,3,5,5,3,68,14,0,6,0
MS,F,18,U,GT3,T,3,2,1,3,3,no,no,yes,yes,yes,yes,no,yes,3,1,5,3,4,5,84,4,11,16,1
GP,F,19,R,LE3,T,2,4,3,4,2,yes,yes,yes,yes,no,no,yes,yes,3,4,4,2,2,2,91,12,17,19,1
MS,M,20,U,LE3,T,1,4,3,4,3,no,no,yes,no,no,no,no,no,2,1,3,3,2,1,17,17,6,15,1
GP,M,15,R,LE3,A,4,1,1,4,3,yes,no,no,yes,no,no,yes,yes,3,2,4,5,1,3,87,1,11,15,1
GP,F,19,U,GT3,T,1,4,4,3,3,yes,no,yes,yes,no,yes,no,yes,3,3,3,4,2,2,31,12,0,7,0
MS,F,16,R,LE3,A,2,3,4,1,0,no,yes,yes,no,no,no,no,yes,3,3,4,4,1,4,44,13,3,2,0
GP,M,15,R,LE3,T,2,3,4,2,0,yes,yes,yes,no,yes,yes,no,yes,4,2,4,3,5,2,32,9,17,19,1
MS,M,22,R,GT3,A,1,4,3,1,0,yes,no,yes,yes,yes,no,yes,no,3,3,2,4,5,3,73,3,14,14,1
MS,M,19,R,GT3,T,0,1,2,4,2,yes,no,no,no,yes,yes,yes,no,2,3,5,5,5,5,72,14,2,0,0
MS,M,16,R,GT3,T,0,1,2,4,0,no,yes,yes,no,no,yes,yes,yes,5,3,1,2,1,4,48,7,6,9,0
MS,F,18,R,LE3,A,0,1,2,2,0,no,yes,no,no,yes,yes,no,no,4,2,5,1,5,4,32,14,5,1,0
MS,M,20,U,LE3,A,2,0,2,1,3,no,yes,no,no,no,no,yes,no,1,1,4,5,3,4,70,13,14,6,0
MS,F,16,R,LE3,A,3,4,2,4,0,no,no,yes,no,yes,yes,yes,no,3,3,4,5,2,1,67,20,14,13,1
MS,M,21,U,GT3,A,2,1,3,4,1,yes,no,no,yes,no,no,no,yes,5,4,5,1,1,3,27,8,5,15,1
MS,M,17,R,LE3,A,3,3,3,1,0,no,yes,no,yes,yes,yes,yes,no,5,2,4,1,5,4,86,19,7,14,1
MS,M,16,R,LE3,A,1,2,2,4,2,no,no,no,yes,yes,no,yes,no,4,5,3,2,3,2,52,2,7,6,0
MS,M,16,U,GT3,T,4,2,3,1,2,no,no,no,yes,yes,yes,no,yes,1,2,4,2,2,5,43,14,0,12,1
MS,M,20,R,GT3,A,3,1,3,4,1,yes,no,no,yes,yes,no,no,yes,2,1,5,2,2,3,79,16,12,9,0
GP,F,17,U,GT3,T,0,2,2,1,2,no,no,no,yes,no,yes,yes,no,5,2,5,4,5,2,54,15,20,8,0
GP,F,21,U,GT3,T,2,2,4,2,2,no,no,no,yes,yes,yes,no,no,5,5,5,5,3,1,9,3,12,8,0
MS,M,19,U,GT3,A,1,0,3,4,3,yes,no,yes,no,yes,yes,yes,yes,5,4,2,1,1,4,13,10,10,5,0
MS,M,19,U,LE3,T,0,3,4,2,1,yes,no,yes,yes,yes,no,yes,yes,5,5,2,5,5,2,35,7,3,11,1
MS,F,16,R,GT3,A,1,3,3,4,3,yes,yes,no,yes,no,yes,yes,yes,4,2,2,5,2,3,33,2,6,19,1
MS,M,22,R,LE3,A,4,0,3,4,3,yes,yes,no,yes,yes,yes,yes,yes,1,5,2,2,2,2,87,18,11,19,1
MS,M,22,U,LE3,T,2,0,2,3,0,no,yes,yes,no,yes,yes,yes,no,5,2,2,2,2,1,17,13,12,13,1
MS,F,17,R,GT3,T,2,2,3,1,1,yes,yes,yes,yes,yes,yes,no,yes,2,4,2,5,5,5,15,8,11,19,1
MS,M,17,R,GT3,A,4,4,1,2,0,no,yes,yes,yes,yes,no,no,no,2,4,2,2,4,4,36,2,15,6,0
MS,M,21,U,GT3,A,2,2,1,2,0,no,yes,yes,no,yes,yes,yes,no,3,1,5,4,4,3,40,3,5,7,0
GP,F,20,R,LE3,T,3,0,2,2,3,no,yes,no,yes,no,yes,no,no,5,4,1,1,4,4,24,3,13,7,0
MS,F,18,U,GT3,T,1,3,4,1,2,no,yes,no,yes,no,no,no,yes,5,3,2,5,3,4,7,10,18,7,0
GP,F,19,U,GT3,T,0,2,4,3,1,no,yes,yes,no,no,no,yes,yes,5,5,5,1,5,4,87,18,15,1,0
MS,M,20,R,GT3,T,4,4,4,2,2,yes,no,yes,yes,yes,no,no,no,5,5,1,4,2,2,83,15,3,13,1
MS,F,15,R,GT3,A,3,2,1,1,3,no,no,yes,no,no,yes,no,no,5,2,2,2,3,2,93,16,4,9,0
GP,F,19,R,GT3,A,0,1,4,4,3,no,yes,yes,yes,yes,no,yes,no,2,4,1,3,4,5,83,9,8,17,1
MS,F,20,U,LE3,A,0,2,4,2,3,no,no,no,yes,yes,no,yes,no,1,1,1,4,1,1,17,16,2,17,1
GP,F,19,U,LE3,A,4,0,2,2,3,yes,no,yes,yes,yes,no,yes,no,1,1,3,3,3,3,67,15,9,17,1
MS,F,18,R,LE3,T,3,3,4,3,3,no,yes,yes,no,yes,yes,yes,yes,3,1,4,1,3,2,47,19,16,15,1
MS,F,15,R,GT3,T,0,3,1,2,3,no,yes,yes,no,no,yes,yes,yes,2,3,3,5,5,4,69,5,18,19,1
GP,M,22,R,GT3,A,0,0,1,2,2,yes,yes,no,no,no,yes,yes,yes,5,4,1,2,3,1,66,6,9,4,0
MS,M,22,R,GT3,A,3,1,1,4,0,no,no,no,yes,no,no,yes,no,1,1,5,4,5,3,17,13,11,19,1
GP,F,18,U,LE3,A,2,0,2,1,2,no,no,no,yes,yes,yes,no,no,4,3,2,2,1,3,17,10,6,4,0
MS,F,21,R,GT3,A,0,2,2,1,1,yes,yes,yes,no,no,no,yes,yes,4,5,4,3,2,3,55,11,17,19,1
GP,F,15,U,GT3,A,1,0,3,3,2,no,no,yes,no,no,no,no,yes,4,2,2,3,2,3,22,13,18,9,0
GP,M,16,U,GT3,A,3,0,4,4,3,no,no,yes,yes,yes,no,no,no,5,4,5,5,4,5,34,4,14,16,1
MS,M,20,R,LE3,A,0,1,2,1,2,no,no,no,yes,no,yes,yes,yes,5,4,4,3,4,3,5,4,6,12,1
MS,M,15,R,GT3,A,4,2,1,4,0,no,yes,no,yes,yes,no,no,yes,3,5,3,5,1,1,25,19,11,16,1
GP,M,21,R,LE3,A,1,4,1,1,1,no,no,yes,yes,no,no,no,yes,3,4,1,4,2,2,84,14,6,17,1
MS,M,21,U,GT3,T,0,4,2,4,2,yes,no,yes,no,no,yes,no,no,3,4,5,5,4,1,60,0,9,12,1
MS,M,18,R,LE3,A,1,3,2,3,0,yes,no,no,yes,no,no,yes,no,4,4,1,3,3,4,87,8,19,16,1
MS,M,19,R,LE3,T,1,0,2,2,2,yes,no,yes,yes,yes,no,no,yes,5,4,1,1,5,5,14,2,9,14,1
GP,M,15,U,LE3,T,2,3,3,3,1,no,no,yes,yes,no,no,no,no,4,3,2,5,4,5,90,3,4,11,1
GP,M,20,R,GT3,A,1,1,1,1,2,no,no,yes,yes,no,yes,yes,yes,3,3,5,2,1,4,31,15,17,9,0
GP,F,15,U,GT3,A,2,4,3,3,3,no,no,no,yes,no,no,no,yes,5,2,1,1,2,1,11,6,8,12,1
GP,F,17,R,LE3,T,3,0,3,2,2,yes,yes,yes,yes,no,yes,no,no,2,4,3,5,1,1,4,13,15,10,1
GP,F,19,U,LE3,T,2,1,4,3,0,no,yes,yes,yes,yes,yes,no,no,1,5,4,2,5,4,63,15,6,2,0
GP,F,20,R,GT3,A,4,1,1,1,2,no,no,yes,no,yes,no,no,no,1,1,5,1,5,3,70,17,9,9,0
GP,M,22,R,GT3,T,0,0,1,1,0,no,yes,yes,no,no,no,no,yes,3,2,2,5,1,3,85,15,4,10,1
GP,M,20,U,LE3,A,3,1,2,3,1,yes,no,no,no,no,no,yes,yes,4,1,5,4,4,2,26,15,6,5,0
GP,F,16,U,GT3,A,3,0,2,2,2,yes,no,no,yes,no,no,no,yes,2,1,2,2,4,1,78,1,4,0,0
MS,M,18,R,GT3,A,4,0,4,3,1,no,no,no,no,yes,yes,yes,no,5,4,4,4,2,1,44,9,14,5,0
GP,F,16,U,GT3,T,2,2,3,2,1,no,yes,yes,yes,no,yes,no,yes,4,5,3,3,2,4,34,6,18,4,0
MS,M,20,U,GT3,T,0,3,2,4,2,no,no,no,yes,no,no,yes,yes,3,1,1,5,3,4,25,14,9,6,0
MS,F,19,U,LE3,A,2,1,2,2,0,yes,no,yes,yes,yes,yes,yes,yes,4,1,5,5,3,3,22,8,7,11,1
MS,M,15,U,GT3,T,1,1,1,4,1,yes,yes,no,yes,yes,no,yes,yes,3,2,2,2,2,1,12,6,8,11,1
GP,M,22,R,GT3,T,2,2,1,3,1,yes,yes,yes,no,yes,no,no,no,1,5,4,5,3,1,89,15,10,6,0
GP,F,15,R,LE3,T,3,2,2,2,2,no,no,no,yes,no,no,no,no,1,5,1,3,1,5,2,2,1,1,0
GP,M,19,U,LE3,T,0,2,1,4,2,yes,yes,no,yes,yes,no,no,no,4,1,4,5,4,2,28,16,2,0,0
GP,F,20,U,GT3,T,2,4,4,4,2,no,yes,no,no,yes,yes,no,yes,2,5,3,1,3,2,65,7,12,17,1
MS,F,21,U,GT3,T,0,4,2,4,2,no,no,yes,no,no,yes,no,yes,5,2,1,4,3,3,63,1,10,11,1
GP,F,15,U,GT3,T,0,4,1,1,2,yes,no,yes,no,yes,no,yes,yes,3,2,1,3,1,1,27,19,9,6,0
GP,F,21,R,GT3,A,1,0,4,3,3,no,no,yes,yes,no,no,yes,no,5,2,1,3,5,5,86,2,14,18,1
GP,M,15,R,LE3,T,1,1,1,4,2,yes,yes,no,no,no,yes,yes,no,1,4,2,4,2,1,35,7,5,2,0
GP,M,15,U,LE3,T,3,3,1,2,0,no,yes,yes,yes,yes,yes,no,no,2,1,1,4,1,4,5,1,0,9,0
GP,M,22,U,LE3,T,4,0,1,4,1,no,yes,yes,yes,no,yes,no,no,2,5,4,3,5,3,10,18,13,10,1
MS,F,18,U,GT3,T,0,1,2,1,0,yes,no,yes,no,yes,no,yes,no,5,2,2,4,1,2,37,16,17,4,0
GP,M,18,R,GT3,T,4,1,3,3,0,no,yes,yes,no,yes,yes,no,yes,1,1,1,2,4,1,33,4,10,1,0
MS,F,17,U,GT3,T,3,2,1,1,3,no,yes,yes,no,yes,no,no,no,5,1,4,4,1,3,80,19,7,7,0
GP,M,16,R,GT3,T,0,2,4,1,2,no,no,yes,yes,no,no,yes,no,4,4,4,1,1,2,66,16,2,13,1
MS,M,19,U,LE3,T,0,0,2,1,1,no,no,no,yes,yes,yes,yes,no,2,5,5,1,4,1,45,9,13,7,0
GP,M,19,R,LE3,A,4,2,2,2,0,no,no,no,yes,no,no,no,yes,2,5,4,2,2,5,85,8,1,5,0
GP,F,19,U,GT3,T,2,1,4,3,2,no,yes,yes,yes,no,yes,no,no,4,2,3,4,5,3,28,5,15,0,0
MS,M,17,R,LE3,T,1,2,1,3,2,no,no,no,yes,no,no,yes,no,1,2,1,1,3,1,59,10,5,0,0
MS,M,18,U,GT3,T,2,4,3,2,3,no,yes,no,yes,yes,no,no,no,2,1,1,5,2,2,53,1,0,7,0
MS,F,20,U,GT3,T,4,2,1,3,3,yes,yes,yes,no,no,no,yes,yes,3,5,1,4,1,2,92,11,13,10,1
GP,M,21,U,LE3,A,1,1,4,1,3,yes,no,yes,yes,no,no,yes,yes,3,5,4,2,3,5,68,11,9,17,1
MS,F,22,R,GT3,A,2,0,2,3,1,no,no,no,no,yes,no,yes,no,1,2,4,4,4,3,73,15,5,9,0
GP,M,21,U,GT3,A,1,3,3,2,0,no,no,yes,no,yes,no,no,no,4,3,1,3,2,3,73,11,8,11,1
GP,F,20,R,LE3,A,0,2,2,1,3,yes,no,no,no,no,yes,yes,no,5,1,2,3,5,1,8,20,6,19,1
MS,F,22,R,GT3,A,2,1,4,2,3,no,no,no,no,no,yes,yes,no,1,5,2,1,2,2,84,17,1,15,1
MS,M,17,U,GT3,A,1,3,1,4,3,yes,yes,no,no,yes,no,no,yes,5,4,3,3,2,2,76,12,10,4,0
GP,F,20,U,LE3,A,1,3,3,1,0,yes,yes,yes,yes,no,yes,yes,no,1,4,5,2,3,5,9,14,13,15,1
GP,F,19,U,GT3,A,1,4,2,1,0,yes,yes,no,yes,no,no,no,yes,3,3,3,1,4,5,74,15,4,11,1
MS,F,16,R,LE3,A,2,3,2,3,3,no,no,yes,yes,no,yes,no,no,4,2,1,2,4,3,67,3,8,5,0
MS,F,15,U,GT3,A,3,1,2,1,3,no,yes,yes,yes,no,yes,no,yes,3,2,1,2,2,2,57,11,6,4,0
MS,F,21,R,LE3,A,2,1,1,2,2,no,no,yes,no,yes,no,yes,yes,4,2,1,3,4,1,51,16,13,0,0
GP,F,18,R,LE3,A,4,2,3,3,3,yes,no,yes,no,no,yes,yes,no,5,4,5,3,3,4,33,0,15,18,1
GP,M,18,U,LE3,A,2,2,1,4,1,yes,yes,yes,no,yes,no,no,yes,1,2,4,2,3,1,34,17,15,9,0
GP,F,17,U,GT3,A,1,2,1,2,1,yes,yes,no,yes,no,yes,no,no,2,4,5,3,5,5,32,15,6,13,1
GP,F,22,U,LE3,A,0,3,1,4,3,no,no,yes,yes,yes,no,no,yes,2,3,3,3,4,1,71,0,9,20,1
GP,M,18,U,LE3,A,2,3,4,4,0,yes,yes,yes,yes,no,yes,yes,yes,4,1,4,3,5,2,31,9,20,2,0
GP,M,19,U,LE3,T,2,4,4,4,2,yes,no,yes,yes,yes,no,no,no,4,5,4,4,1,3,54,18,5,5,0
MS,M,21,U,LE3,A,1,2,4,1,0,no,yes,yes,no,no,yes,no,no,3,3,3,2,3,4,7,15,16,4,0
GP,M,20,R,LE3,T,0,0,3,2,3,yes,yes,yes,no,yes,no,no,yes,2,4,4,5,2,3,45,13,0,16,1
GP,M,19,R,GT3,A,0,4,1,2,1,yes,yes,no,yes,no,yes,yes,yes,3,3,2,2,3,4,13,1,1,17,1
GP,M,17,R,GT3,A,4,0,1,1,2,no,yes,yes,yes,no,no,no,no,5,5,3,1,1,4,7,5,13,11,1
MS,M,19,U,GT3,T,2,3,4,3,0,no,yes,yes,no,yes,yes,yes,no,2,1,3,3,2,2,70,4,3,4,0
GP,F,20,R,GT3,A,0,4,1,4,0,yes,no,no,no,yes,no,yes,no,5,5,2,3,4,2,76,11,8,8,0
GP,F,16,R,GT3,T,0,4,1,2,3,no,yes,yes,no,yes,yes,no,yes,1,4,5,5,4,5,53,3,5,11,1
MS,M,17,R,GT3,T,3,1,2,1,2,yes,yes,no,no,yes,no,no,no,3,5,5,1,3,5,20,3,16,19,1
GP,F,16,R,GT3,T,3,3,1,4,1,no,yes,no,yes,yes,no,no,no,4,3,5,4,2,4,74,4,20,8,0
GP,F,15,R,LE3,A,0,3,2,3,3,yes,no,no,no,no,no,yes,yes,2,2,4,2,2,5,13,6,10,2,0
GP,F,16,U,GT3,A,4,4,1,3,2,no,no,no,no,yes,no,yes,no,3,3,2,4,5,2,74,5,3,0,0
GP,M,15,U,LE3,A,0,3,3,4,0,yes,no,yes,no,yes,yes,yes,no,4,4,3,1,1,5,1,12,20,14,1
GP,M,15,R,LE3,T,1,4,4,3,3,no,no,yes,no,no,yes,no,no,1,1,3,5,4,4,60,3,8,9,0
MS,F,16,R,GT3,T,2,1,2,2,0,no,no,no,yes,yes,yes,yes,no,2,5,3,1,3,3,16,12,15,13,1
MS,M,17,R,LE3,A,4,4,4,2,0,no,yes,no,yes,yes,no,no,yes,5,1,4,5,2,1,77,3,2,6,0
MS,F,22,U,LE3,A,1,3,2,2,3,no,yes,yes,yes,yes,no,no,no,1,4,4,4,4,5,88,9,3,3,0
GP,F,20,U,LE3,A,4,3,2,3,3,no,yes,no,yes,no,no,no,no,4,5,5,4,3,2,47,19,2,4,0
GP,F,19,R,LE3,A,1,4,2,2,3,no,no,no,yes,yes,no,yes,no,2,3,4,1,4,3,90,0,12,19,1
GP,F,19,U,GT3,A,2,4,3,1,3,no,no,no,yes,no,no,yes,no,2,3,5,1,3,2,7,20,18,15,1
MS,M,20,U,GT3,T,2,4,1,2,3,yes,yes,yes,no,no,yes,yes,no,1,4,5,3,4,5,55,7,20,2,0
GP,M,21,R,GT3,T,3,2,2,2,0,yes,no,no,no,yes,yes,no,no,2,5,3,5,5,4,16,6,0,16,1
GP,M,21,U,GT3,T,1,3,3,3,1,no,no,yes,no,no,yes,yes,yes,4,3,4,3,1,1,68,4,5,12,1
MS,F,15,U,GT3,A,3,3,2,2,1,no,no,yes,no,yes,no,yes,yes,1,4,5,2,4,1,11,2,2,5,0
GP,M,15,R,GT3,T,1,2,1,4,3,yes,yes,yes,yes,yes,no,no,yes,5,4,2,2,1,3,37,14,2,4,0
MS,F,17,U,GT3,T,3,4,2,1,0,yes,yes,no,no,yes,no,no,no,1,1,2,1,4,1,17,16,15,15,1
MS,M,18,U,GT3,T,2,1,3,3,1,no,no,no,yes,yes,no,yes,no,1,3,4,4,2,4,25,12,9,10,1
MS,F,16,R,GT3,T,4,4,1,1,1,yes,no,yes,no,yes,no,no,no,5,5,3,2,5,2,36,14,16,16,1
GP,F,15,U,GT3,T,3,4,3,4,1,yes,no,yes,no,no,no,yes,yes,4,3,3,2,5,4,69,18,6,4,0
GP,F,19,U,LE3,A,1,2,1,3,0,no,no,yes,no,no,no,no,no,3,3,5,3,1,3,40,19,12,5,0
GP,M,17,R,GT3,T,1,3,1,3,3,no,yes,no,yes,no,yes,no,yes,3,3,4,3,2,3,78,13,10,9,0
GP,M,16,R,LE3,A,2,4,4,2,3,no,no,no,no,no,yes,yes,no,5,4,2,2,3,1,41,20,9,20,1
GP,M,17,R,LE3,A,1,3,4,1,3,yes,yes,yes,yes,yes,no,no,no,4,2,5,1,5,4,89,12,6,0,0
GP,M,16,U,LE3,A,0,0,4,4,2,no,yes,yes,yes,yes,no,no,yes,2,2,5,3,2,2,75,11,5,20,1
GP,F,16,R,LE3,A,4,3,1,4,2,no,yes,no,no,no,no,no,yes,5,1,1,2,2,4,40,8,0,9,0
MS,M,20,U,GT3,A,3,1,2,3,2,yes,no,yes,yes,yes,yes,yes,yes,3,3,4,4,1,2,46,2,16,16,1
GP,M,15,R,LE3,T,4,1,3,2,0,no,yes,no,yes,no,yes,no,yes,4,2,5,3,2,2,13,10,11,2,0
MS,F,22,U,GT3,T,2,4,3,3,1,yes,yes,no,no,no,no,no,yes,1,1,2,2,2,4,0,9,3,1,0
GP,F,17,R,GT3,A,3,3,3,3,1,yes,no,yes,no,no,yes,yes,yes,4,4,1,5,3,5,16,0,2,16,1
GP,F,22,R,LE3,A,3,4,4,3,0,yes,no,yes,no,no,yes,yes,no,4,3,2,3,1,4,54,16,5,3,0
GP,M,17,R,GT3,A,0,2,1,3,0,yes,no,no,no,yes,yes,no,yes,3,5,3,5,1,2,92,12,15,1,0
MS,F,20,R,LE3,T,2,1,4,4,3,yes,yes,no,no,yes,no,no,no,3,4,1,3,2,3,52,13,12,4,0
MS,F,19,U,LE3,A,1,4,2,4,3,yes,no,no,no,no,yes,no,no,2,1,1,3,3,3,30,0,8,9,0
MS,F,22,R,GT3,T,0,2,1,3,2,no,yes,no,yes,no,yes,yes,no,2,4,5,5,4,1,61,1,10,0,0
MS,M,19,R,GT3,A,0,4,3,3,2,no,yes,no,no,no,no,no,no,5,5,3,1,5,3,7,1,19,0,0
GP,F,21,U,LE3,T,4,3,4,2,0,no,no,yes,no,no,no,yes,no,1,4,5,2,1,5,29,6,20,3,0
MS,M,15,R,GT3,A,4,3,4,3,2,yes,yes,no,yes,no,yes,yes,yes,2,1,4,1,3,2,76,8,12,6,0
GP,M,15,U,GT3,T,4,3,2,4,1,no,yes,no,no,yes,no,no,yes,3,5,2,1,3,4,79,3,18,13,1
GP,F,18,R,GT3,A,0,3,2,1,0,yes,yes,no,yes,no,yes,no,yes,4,5,2,2,2,4,65,1,2,13,1
MS,F,20,R,LE3,T,1,0,4,4,0,no,yes,yes,no,no,yes,yes,no,5,4,5,4,5,5,44,18,11,17,1
MS,M,19,R,LE3,T,3,2,2,2,1,yes,no,yes,no,yes,no,no,yes,2,5,2,1,1,3,17,4,18,1,0
MS,F,16,U,GT3,T,4,2,3,4,3,no,yes,no,yes,yes,no,no,no,4,4,2,1,4,2,44,8,7,0,0
MS,F,17,R,GT3,T,1,3,2,1,3,yes,no,no,no,yes,yes,yes,no,4,3,4,1,2,3,18,12,13,20,1
MS,M,15,R,GT3,T,2,0,2,3,1,no,yes,yes,yes,yes,no,no,no,2,5,3,4,1,1,76,11,8,15,1
MS,M,22,R,GT3,T,4,3,4,1,1,yes,yes,yes,no,yes,no,yes,no,1,4,1,3,1,3,67,18,16,17,1
MS,F,17,U,GT3,T,3,0,4,3,2,no,no,yes,no,yes,yes,no,yes,1,3,5,5,3,1,82,8,5,15,1
MS,M,17,U,LE3,A,2,3,1,3,0,yes,yes,yes,yes,yes,yes,yes,yes,5,5,5,5,5,4,49,9,3,5,0
GP,F,18,R,GT3,A,2,1,1,4,2,no,yes,no,no,yes,yes,yes,yes,1,3,4,4,4,2,24,18,3,9,0
MS,F,19,U,LE3,A,3,1,4,4,1,no,yes,yes,no,yes,yes,no,yes,5,5,4,1,5,1,37,9,18,1,0
MS,F,15,R,GT3,A,4,4,2,4,2,no,yes,no,yes,no,yes,yes,yes,3,1,1,5,3,3,35,11,11,6,0
GP,M,17,R,LE3,A,0,3,2,2,1,yes,yes,no,no,yes,yes,yes,no,2,1,3,4,4,3,67,13,1,20,1
MS,F,15,R,GT3,T,3,2,1,4,2,yes,yes,yes,yes,no,no,no,yes,4,4,5,2,4,4,55,7,16,16,1
GP,F,16,R,LE3,T,3,4,1,2,2,yes,no,yes,no,no,no,no,no,5,2,4,5,2,5,38,15,14,2,0
GP,F,18,R,GT3,T,3,1,1,4,3,yes,no,yes,yes,no,yes,no,no,1,1,5,2,4,5,62,16,9,19,1
MS,M,16,R,LE3,T,2,3,3,3,1,yes,no,yes,no,no,no,yes,no,5,2,2,1,1,3,6,19,2,11,1
GP,M,15,R,LE3,T,1,4,3,2,2,no,yes,no,yes,no,no,yes,yes,5,3,5,5,5,5,57,3,19,1,0
GP,M,21,U,LE3,A,0,3,1,1,0,yes,yes,no,yes,no,yes,yes,no,1,3,3,4,5,2,79,5,3,6,0
GP,M,22,U,LE3,A,4,1,2,2,2,no,yes,no,no,no,no,no,no,1,2,3,3,2,5,58,11,0,16,1
GP,M,15,U,LE3,A,4,4,1,2,2,no,no,yes,no,no,no,yes,yes,2,4,5,5,4,2,47,17,0,18,1
MS,F,19,U,LE3,A,1,1,3,1,0,yes,yes,no,yes,yes,yes,yes,no,4,5,2,5,3,3,4,6,17,11,1
GP,M,17,U,GT3,T,3,0,2,2,1,no,no,yes,no,no,no,no,no,2,2,3,5,1,3,86,4,3,8,0
MS,M,17,U,LE3,T,0,1,3,3,3,yes,yes,no,yes,no,no,yes,no,2,2,4,5,2,3,35,9,14,13,1
GP,M,16,U,GT3,T,4,3,2,4,3,yes,yes,yes,no,no,yes,no,yes,1,2,5,4,4,4,87,5,20,1,0
GP,F,22,R,GT3,A,4,2,3,1,3,yes,yes,no,no,no,no,no,no,1,2,2,4,3,5,24,13,9,20,1
GP,M,18,R,GT3,T,3,1,2,4,0,no,no,no,yes,yes,no,no,no,4,2,4,3,4,1,44,5,16,3,0
GP,M,21,R,GT3,A,1,2,2,3,2,yes,yes,yes,yes,no,no,yes,yes,5,4,5,4,2,1,91,13,11,18,1
MS,F,20,R,GT3,T,0,0,2,1,1,yes,no,no,no,yes,yes,yes,yes,2,1,2,4,3,3,18,11,19,20,1
MS,M,22,U,LE3,T,1,4,2,4,2,yes,yes,no,no,yes,yes,yes,no,4,5,4,1,3,5,6,11,11,15,1
GP,F,17,U,LE3,A,1,4,4,4,3,no,yes,yes,no,no,no,no,yes,2,1,3,1,3,2,57,7,15,16,1
GP,F,19,R,LE3,T,0,2,3,3,2,yes,no,yes,no,no,no,no,yes,5,2,5,2,3,1,80,9,4,1,0
MS,F,22,R,GT3,T,0,4,3,4,0,no,yes,yes,no,yes,yes,no,yes,2,1,5,3,4,3,65,15,15,16,1
GP,F,16,U,LE3,A,4,1,4,3,0,no,yes,yes,yes,no,yes,yes,yes,3,4,3,1,3,1,79,19,16,18,1
GP,F,16,R,LE3,T,4,2,2,2,1,yes,yes,yes,no,no,no,yes,yes,4,3,1,3,4,1,38,7,14,7,0
GP,M,20,R,LE3,A,0,3,2,3,1,no,yes,no,no,yes,yes,yes,yes,1,1,4,3,3,1,17,8,12,19,1
MS,F,19,R,LE3,T,2,1,3,2,3,no,no,yes,yes,yes,no,yes,yes,2,5,3,5,3,3,0,12,7,5,0
MS,F,18,R,LE3,T,4,1,4,1,1,yes,no,no,yes,no,no,yes,no,4,4,5,3,2,3,62,19,20,11,1
MS,M,22,U,GT3,T,2,1,2,4,2,yes,yes,no,yes,no,yes,no,yes,4,3,4,5,4,4,2,16,1,17,1
GP,F,19,R,LE3,T,0,3,2,3,0,yes,yes,yes,no,no,yes,yes,yes,2,4,4,2,4,4,20,18,7,1,0
GP,M,18,R,GT3,T,4,0,2,3,0,no,no,no,yes,yes,no,no,yes,1,2,1,2,5,4,29,16,9,18,1
MS,M,19,U,GT3,T,1,4,1,4,0,yes,yes,no,yes,no,no,no,no,1,3,5,2,2,1,10,6,6,9,0
MS,M,19,U,GT3,T,0,2,4,4,1,no,no,yes,yes,yes,yes,yes,yes,2,5,2,5,4,5,21,0,9,2,0
MS,F,15,R,GT3,T,3,0,2,1,0,no,yes,no,yes,yes,no,no,yes,4,3,1,5,2,3,56,19,3,11,1
MS,F,16,U,GT3,A,2,2,1,1,0,no,no,yes,no,no,yes,yes,no,1,5,1,2,2,4,88,13,10,15,1
GP,F,22,R,LE3,A,0,4,4,3,0,no,no,yes,no,yes,yes,yes,yes,2,2,2,5,2,5,2,16,8,11,1
MS,M,19,R,LE3,T,0,3,2,1,3,no,no,yes,no,no,yes,no,no,2,5,2,4,1,4,29,12,3,7,0
GP,F,22,U,LE3,T,4,1,3,2,3,yes,no,no,yes,no,yes,yes,no,2,4,1,4,4,4,87,1,2,4,0
MS,F,20,R,GT3,A,4,1,1,1,1,yes,yes,no,yes,yes,yes,yes,yes,4,1,4,5,2,5,44,13,10,10,1
GP,F,19,R,LE3,T,4,3,1,1,0,no,yes,no,yes,no,no,no,no,1,4,3,5,1,4,35,0,2,9,0
MS,M,17,R,LE3,T,3,0,2,3,1,no,no,no,yes,yes,yes,no,yes,4,4,3,1,1,1,86,4,17,2,0
MS,M,16,R,GT3,A,4,0,2,2,0,yes,no,yes,yes,yes,yes,no,yes,3,3,1,1,3,1,71,6,18,8,0
MS,F,17,U,GT3,T,0,2,1,1,0,yes,no,no,yes,no,yes,no,no,1,2,4,3,3,1,63,18,13,11,1
MS,F,22,U,GT3,T,4,3,3,2,0,no,no,yes,no,no,yes,no,no,4,1,2,3,4,2,53,13,10,5,0
GP,F,22,R,GT3,A,1,0,3,2,1,no,yes,no,no,no,yes,no,yes,1,5,1,3,3,4,67,13,1,18,1
MS,F,16,U,LE3,T,4,3,4,2,1,yes,no,no,yes,no,yes,yes,yes,3,3,5,2,4,2,49,14,1,15,1
GP,M,22,R,GT3,T,3,4,2,4,0,yes,no,no,no,yes,yes,yes,no,5,2,4,4,1,3,30,4,1,20,1
GP,M,17,R,GT3,A,1,1,3,4,2,no,no,no,yes,yes,no,yes,yes,2,1,5,2,1,5,28,4,9,13,1
GP,M,19,R,LE3,T,0,1,4,4,1,yes,no,no,yes,yes,no,no,yes,4,4,5,5,4,3,58,20,14,3,0
GP,M,19,R,LE3,A,0,1,3,4,3,yes,no,yes,no,no,no,yes,yes,3,2,1,1,3,2,35,1,11,17,1
MS,F,15,R,GT3,T,2,3,2,3,1,no,no,no,yes,yes,no,no,no,3,2,4,5,3,1,76,17,10,9,0
GP,F,20,U,LE3,T,1,3,4,1,0,no,no,no,no,yes,yes,yes,yes,1,2,5,5,4,4,72,8,16,17,1
GP,F,22,R,GT3,A,2,2,4,4,2,no,yes,no,yes,no,no,no,yes,1,4,4,1,5,4,84,9,17,11,1
GP,M,17,U,GT3,A,1,1,4,3,0,yes,no,no,yes,no,yes,yes,yes,2,5,3,5,3,1,66,17,13,18,1
MS,F,22,U,LE3,T,1,2,3,1,3,no,no,yes,no,no,no,no,no,1,3,5,3,2,4,88,3,16,7,0
MS,M,22,R,LE3,A,3,1,2,4,1,yes,no,no,yes,yes,no,no,no,4,5,5,1,3,5,88,7,14,0,0
MS,M,18,R,GT3,A,2,2,4,1,1,no,yes,yes,yes,no,yes,no,no,4,1,4,5,5,5,75,17,11,13,1
MS,F,15,R,GT3,T,3,2,1,4,0,no,yes,no,yes,yes,yes,no,yes,4,3,3,3,1,5,92,19,15,5,0
GP,F,17,R,GT3,T,1,4,2,3,0,yes,yes,yes,no,yes,no,yes,no,5,1,5,3,1,3,10,16,5,13,1
GP,F,17,R,LE3,T,0,2,1,2,3,yes,no,yes,yes,yes,no,yes,yes,4,4,1,4,1,1,10,15,1,1,0
MS,M,22,U,GT3,A,1,3,1,2,2,no,no,yes,yes,yes,no,no,no,1,5,4,3,3,5,25,17,1,8,0
GP,F,15,R,GT3,A,3,2,4,1,3,no,no,yes,yes,yes,no,no,yes,1,2,4,2,1,2,52,6,15,11,1
GP,M,19,R,GT3,A,2,1,4,3,2,yes,yes,yes,no,no,yes,no,no,4,3,5,1,5,5,13,0,1,4,0
GP,F,17,U,GT3,A,2,2,3,2,1,no,no,no,no,yes,no,yes,yes,3,2,3,1,5,3,63,0,7,1,0
MS,M,19,U,GT3,T,3,0,3,4,2,yes,yes,yes,no,no,no,no,yes,3,1,5,1,3,2,79,17,6,18,1
MS,M,15,R,LE3,A,2,1,3,2,2,yes,yes,no,no,yes,no,no,no,3,2,2,5,2,1,9,3,0,6,0
GP,F,19,U,GT3,T,4,0,2,1,1,no,yes,yes,no,yes,no,yes,yes,2,2,5,5,3,1,30,19,3,6,0
MS,M,16,R,GT3,A,0,1,3,1,1,yes,yes,yes,yes,no,no,no,no,5,4,2,2,1,5,35,20,10,9,0
MS,M,18,U,GT3,T,0,3,1,3,1,yes,yes,no,no,yes,yes,no,no,4,4,1,3,3,2,9,19,19,16,1
MS,F,21,U,GT3,T,0,3,3,1,3,yes,no,yes,no,yes,yes,yes,yes,2,5,4,5,5,2,25,3,6,13,1
MS,M,17,R,LE3,T,2,3,4,2,1,no,no,yes,yes,no,yes,no,yes,3,1,4,3,3,5,19,5,17,10,1
MS,F,20,U,LE3,A,2,0,3,2,0,yes,yes,yes,no,no,yes,no,no,4,4,3,3,3,5,43,2,3,19,1
GP,M,18,U,LE3,T,1,4,2,2,1,no,no,yes,yes,yes,yes,yes,no,2,4,5,5,2,4,61,5,16,5,0
MS,F,21,U,GT3,T,1,1,2,2,1,no,no,no,no,yes,no,no,no,1,5,1,5,5,4,72,12,10,7,0
GP,F,19,U,GT3,A,0,3,1,3,1,no,yes,yes,yes,yes,yes,yes,yes,3,3,2,2,4,5,78,6,10,18,1
GP,M,17,U,LE3,T,4,1,2,4,2,yes,yes,yes,yes,no,yes,no,no,2,5,3,4,4,3,8,3,19,18,1
MS,M,19,U,LE3,A,1,0,3,4,3,yes,no,no,no,yes,no,no,yes,1,2,1,1,5,4,70,0,10,16,1
GP,M,16,R,LE3,A,1,4,4,3,1,no,no,no,no,no,yes,no,yes,3,2,1,5,4,5,89,5,14,17,1
GP,M,15,R,GT3,T,2,0,2,1,3,no,no,yes,yes,no,yes,no,no,5,4,2,5,1,2,23,4,13,11,1
GP,M,17,U,GT3,T,4,1,1,4,0,yes,no,yes,yes,yes,yes,no,no,3,4,2,3,4,4,11,12,16,8,0
MS,F,21,R,LE3,A,0,4,3,1,0,no,yes,no,yes,no,yes,yes,yes,5,5,4,4,1,3,59,18,1,15,1
MS,M,21,R,LE3,T,1,4,1,4,1,no,no,yes,yes,yes,no,no,yes,5,5,5,5,5,1,83,3,17,17,1
GP,F,16,R,LE3,A,4,0,2,1,0,yes,yes,no,yes,yes,no,no,yes,5,1,3,4,4,2,77,5,15,15,1
MS,F,16,U,GT3,A,4,3,2,3,3,no,yes,yes,yes,no,yes,yes,yes,4,2,5,1,4,3,85,12,11,15,1
MS,M,22,R,GT3,A,0,1,1,2,2,yes,no,no,yes,no,no,yes,no,4,5,3,3,1,3,15,4,9,3,0
MS,F,17,U,GT3,T,4,2,3,1,1,yes,no,no,no,no,yes,no,yes,5,3,1,2,1,3,28,12,15,6,0
MS,F,19,R,LE3,A,4,2,2,2,0,no,no,no,yes,no,no,yes,no,1,1,2,1,3,2,31,9,2,0,0
GP,F,20,U,LE3,T,4,0,4,1,3,yes,yes,yes,no,no,no,no,no,5,5,2,4,2,3,82,2,7,19,1
GP,F,21,U,GT3,T,1,1,2,1,3,yes,yes,yes,no,no,no,yes,no,2,4,1,4,4,1,34,12,1,0,0
MS,M,21,R,LE3,T,0,1,3,1,0,yes,yes,yes,yes,yes,no,yes,yes,5,5,1,1,2,4,42,11,0,7,0
MS,F,16,R,GT3,T,4,0,2,1,3,no,yes,yes,yes,yes,no,no,yes,4,4,3,4,2,2,52,3,13,7,0
GP,M,18,U,LE3,A,4,1,1,1,3,no,no,no,no,yes,no,yes,no,4,4,1,2,4,3,19,9,3,9,0
GP,M,16,R,LE3,T,1,3,2,2,1,no,yes,no,yes,no,no,no,no,2,2,3,2,1,5,83,2,3,0,0
MS,F,20,R,LE3,A,0,0,2,1,3,yes,yes,no,yes,no,no,yes,no,2,2,5,4,3,4,7,16,8,20,1
GP,M,19,R,LE3,A,2,3,3,2,0,yes,no,yes,no,no,no,yes,no,3,5,2,4,5,2,41,8,2,20,1
MS,M,19,U,GT3,T,1,1,1,3,1,no,yes,yes,no,yes,no,yes,yes,1,5,2,2,4,5,76,0,4,13,1
MS,M,18,U,LE3,A,0,0,3,4,0,no,yes,yes,no,yes,no,no,no,1,3,2,4,4,5,69,17,0,13,1
GP,F,21,R,GT3,A,4,1,2,1,2,yes,no,no,yes,no,yes,no,yes,1,1,5,5,5,3,15,8,18,9,0
GP,M,16,R,GT3,T,0,0,4,4,0,no,yes,yes,yes,no,no,yes,yes,4,1,5,3,2,2,68,20,0,18,1
MS,M,22,R,GT3,A,0,1,2,2,0,no,yes,yes,no,no,yes,no,yes,1,5,4,5,3,3,52,19,9,15,1
MS,M,19,U,LE3,A,0,3,3,3,1,no,yes,no,yes,no,no,no,yes,3,2,3,4,2,1,44,8,11,8,0
GP,F,20,U,GT3,A,2,3,4,3,3,no,yes,no,no,yes,yes,no,no,3,3,3,4,5,5,50,1,9,19,1
MS,M,17,R,GT3,A,0,1,3,3,0,no,no,yes,yes,yes,yes,yes,yes,1,1,4,3,5,1,5,18,1,15,1
GP,F,15,R,GT3,T,2,0,3,4,1,yes,yes,no,no,yes,yes,no,no,2,5,2,4,3,3,32,15,15,19,1
MS,F,15,R,LE3,A,4,2,1,2,2,no,no,yes,yes,no,no,yes,yes,3,2,3,3,5,4,78,2,7,7,0
GP,F,15,R,LE3,A,2,3,4,1,1,no,yes,no,no,yes,no,yes,no,2,2,3,2,5,5,14,15,13,6,0
GP,F,22,R,GT3,A,4,3,2,1,1,yes,no,no,yes,no,no,yes,no,4,2,2,3,3,4,13,20,14,10,1
GP,F,21,R,LE3,A,4,2,3,2,3,yes,no,no,yes,no,no,yes,no,3,4,1,3,4,2,38,12,15,20,1
MS,F,16,U,GT3,T,2,1,2,4,0,yes,no,yes,no,no,yes,yes,no,2,2,1,5,2,5,62,2,10,5,0
MS,M,18,R,GT3,A,1,0,1,1,2,yes,yes,yes,yes,yes,no,no,no,1,5,4,4,4,1,4,9,11,14,1
GP,F,22,U,LE3,T,3,1,1,2,1,no,yes,yes,yes,yes,no,no,yes,4,3,5,2,4,4,89,17,1,18,1
MS,M,22,R,GT3,A,0,4,4,1,0,no,yes,no,no,no,no,yes,no,5,5,3,1,2,2,80,5,3,13,1
GP,M,19,R,LE3,T,3,3,1,3,0,no,no,no,yes,yes,no,no,yes,5,2,3,3,4,5,51,5,2,14,1
GP,F,17,U,LE3,T,0,4,1,1,1,no,yes,no,yes,no,no,no,no,1,3,4,1,3,2,15,17,8,5,0
MS,M,22,U,GT3,T,0,3,2,4,0,yes,yes,no,yes,no,no,no,yes,4,1,4,4,2,1,37,5,17,9,0
MS,M,20,U,LE3,T,4,3,1,2,1,yes,yes,yes,no,no,no,no,yes,4,1,3,3,1,5,52,5,18,13,1
GP,M,17,U,LE3,T,0,4,1,4,1,no,yes,yes,no,yes,no,no,yes,4,5,2,1,4,2,86,12,6,15,1
MS,M,20,R,GT3,A,0,4,3,2,1,no,no,yes,no,yes,yes,no,no,4,3,2,5,5,3,76,13,3,12,1
MS,F,21,U,GT3,A,2,1,1,3,2,no,no,no,no,no,yes,no,yes,5,5,5,1,2,5,92,20,5,10,1
GP,M,16,R,LE3,A,3,4,3,2,1,no,yes,no,no,yes,no,yes,no,2,3,3,5,1,5,52,6,18,2,0
GP,F,15,U,LE3,T,2,1,1,1,3,yes,yes,yes,yes,yes,no,yes,no,4,3,3,2,5,5,45,12,0,7,0
MS,M,22,R,GT3,A,0,1,1,1,0,no,yes,no,yes,yes,no,yes,yes,2,5,3,4,1,5,90,14,15,2,0
GP,M,16,R,LE3,T,4,1,4,3,2,yes,no,yes,no,yes,no,no,yes,4,3,3,1,4,3,14,11,10,1,0
GP,F,21,R,LE3,T,2,3,4,2,0,yes,yes,no,yes,no,yes,no,no,3,2,4,3,5,1,58,20,3,20,1
MS,M,18,R,LE3,A,2,3,3,3,2,yes,no,no,yes,yes,yes,yes,no,3,3,1,4,4,3,49,0,17,13,1
GP,M,18,R,LE3,A,1,4,1,1,3,yes,no,yes,yes,no,no,no,no,3,3,3,1,5,3,8,2,4,19,1
GP,M,21,R,LE3,T,0,3,2,4,2,no,yes,yes,yes,no,yes,no,no,4,5,1,3,2,2,25,17,5,20,1
MS,F,20,U,LE3,T,4,4,4,3,2,no,yes,no,no,yes,yes,yes,no,2,1,2,3,3,4,2,7,1,14,1
MS,M,19,R,LE3,A,2,3,2,4,2,no,yes,yes,no,no,no,yes,no,5,4,5,3,3,4,46,1,11,2,0
GP,F,19,U,GT3,A,2,0,4,4,0,no,no,yes,yes,no,no,yes,yes,1,3,2,3,1,2,4,3,8,0,0
GP,M,20,U,GT3,A,4,0,4,2,1,yes,no,no,yes,yes,no,no,no,5,4,3,1,5,3,61,17,19,14,1
MS,F,18,R,GT3,A,0,4,1,3,0,yes,yes,no,no,no,yes,no,no,4,3,2,2,4,2,83,12,11,19,1
MS,F,18,U,GT3,T,1,3,4,4,1,yes,no,no,yes,no,yes,no,yes,3,5,4,5,2,5,83,14,12,1,0
MS,M,22,R,GT3,A,2,3,2,4,0,no,yes,yes,yes,yes,no,yes,yes,3,5,1,5,2,2,4,1,16,17,1
MS,M,18,U,LE3,A,1,1,4,2,3,yes,yes,no,yes,yes,no,yes,yes,2,3,3,5,2,2,9,9,4,0,0
GP,F,16,R,LE3,A,3,2,3,2,3,yes,no,no,no,yes,yes,no,no,4,5,4,2,3,5,79,1,19,8,0
MS,F,18,U,LE3,T,0,4,1,1,2,yes,no,no,no,yes,yes,yes,yes,5,5,1,3,4,4,62,20,12,2,0
MS,M,17,R,LE3,T,3,2,1,4,3,yes,no,no,yes,yes,no,yes,yes,4,3,4,3,2,5,24,11,12,1,0
GP,F,22,R,GT3,T,3,2,3,1,2,no,no,no,yes,no,yes,no,no,4,1,2,4,2,1,43,4,9,3,0
MS,M,15,R,LE3,T,3,4,3,4,1,yes,yes,yes,yes,no,no,yes,no,3,3,3,5,1,2,24,11,14,15,1
GP,M,18,R,LE3,A,0,3,3,1,3,yes,yes,no,yes,yes,no,yes,no,5,1,2,5,5,2,29,0,14,0,0
MS,M,20,U,GT3,T,0,4,4,2,1,no,yes,no,yes,yes,yes,yes,no,1,5,5,3,5,4,13,1,17,8,0
MS,M,15,R,LE3,A,4,2,1,3,0,no,no,yes,yes,no,yes,no,yes,3,1,3,5,5,3,85,15,17,7,0
MS,F,16,U,LE3,A,1,3,3,2,1,no,yes,no,no,yes,yes,no,no,5,5,2,3,1,5,42,1,1,5,0
GP,M,20,U,GT3,A,1,0,4,1,0,yes,no,no,no,yes,no,yes,yes,2,1,3,3,3,3,27,15,10,19,1
GP,F,15,U,LE3,A,4,4,3,1,1,yes,no,yes,yes,no,no,no,no,3,1,1,3,1,1,93,19,12,17,1
MS,M,20,R,LE3,T,4,4,2,3,1,yes,no,no,no,no,no,no,yes,2,3,3,1,2,5,18,15,10,15,1
GP,F,16,U,LE3,T,3,3,2,4,3,yes,yes,yes,yes,no,no,no,no,3,1,3,1,4,1,41,5,3,7,0
GP,M,22,U,LE3,T,4,0,1,1,1,no,no,no,yes,yes,no,yes,no,4,5,1,1,2,1,19,12,14,3,0
GP,F,17,U,LE3,A,2,0,4,1,3,yes,no,yes,no,no,no,no,no,5,3,2,1,2,1,85,11,10,2,0
GP,F,16,R,GT3,A,1,3,2,1,3,yes,no,yes,no,yes,yes,yes,yes,2,1,3,2,4,5,78,9,17,14,1
GP,M,16,R,GT3,A,4,1,2,3,2,no,no,no,yes,no,no,yes,yes,3,3,4,4,5,5,10,4,15,5,0
GP,M,20,U,GT3,A,2,4,4,2,2,no,no,yes,yes,yes,no,no,yes,2,4,3,4,1,4,53,7,9,0,0
MS,M,22,R,GT3,A,2,4,3,1,0,no,no,yes,no,yes,no,yes,no,3,3,2,3,3,2,23,5,11,17,1
MS,M,21,R,GT3,T,2,2,4,3,1,yes,no,no,no,yes,no,no,yes,3,4,1,5,2,3,69,4,12,10,1
GP,F,19,U,GT3,A,2,3,3,1,0,yes,no,no,yes,no,yes,no,no,1,4,2,1,2,3,16,19,8,2,0
MS,M,18,U,LE3,T,3,2,2,4,1,yes,no,yes,yes,no,no,yes,no,1,3,5,4,3,1,27,5,20,12,1
MS,F,18,R,GT3,A,2,2,2,3,2,yes,no,no,yes,no,yes,yes,no,1,5,3,4,1,5,49,16,12,16,1
MS,F,17,U,GT3,A,3,0,2,1,2,yes,no,yes,no,yes,yes,no,yes,2,5,3,1,2,5,54,5,5,17,1
MS,M,17,R,LE3,T,3,4,1,3,1,no,no,yes,yes,no,no,no,no,4,5,1,2,3,1,72,16,5,13,1
GP,F,18,R,LE3,T,2,2,1,1,1,no,yes,no,no,no,no,no,yes,3,2,3,2,2,2,9,4,10,6,0
MS,F,19,R,GT3,A,1,0,1,2,2,yes,yes,no,yes,yes,yes,no,no,5,4,4,4,5,3,20,16,18,6,0
MS,F,18,R,LE3,A,2,3,4,1,2,yes,no,yes,no,yes,yes,yes,no,1,3,4,2,5,4,57,16,10,13,1
GP,F,21,R,GT3,A,2,2,2,3,0,yes,no,no,no,no,no,yes,no,2,5,2,1,2,2,33,12,9,14,1
GP,M,19,R,LE3,A,2,4,2,4,2,yes,no,no,no,no,yes,yes,yes,2,5,1,4,2,5,92,6,14,11,1
MS,M,17,U,GT3,T,1,2,4,4,1,yes,yes,yes,no,no,no,no,yes,2,3,5,1,5,1,42,20,12,11,1
MS,M,15,U,LE3,A,0,3,1,4,0,no,yes,yes,yes,yes,no,yes,no,5,4,2,2,2,3,10,5,7,7,0
MS,M,20,R,LE3,T,0,2,4,1,1,no,yes,yes,no,no,yes,yes,yes,5,3,1,1,1,1,32,13,4,15,1
MS,F,21,R,GT3,A,3,4,1,2,3,no,no,yes,no,yes,no,yes,yes,1,2,1,2,1,5,57,15,1,8,0
MS,F,21,R,GT3,T,3,0,2,1,0,yes,no,yes,no,yes,no,yes,no,5,2,2,2,4,1,45,2,15,1,0
MS,M,22,U,GT3,T,1,4,3,4,1,yes,no,yes,yes,no,no,no,no,1,3,2,1,1,3,60,8,12,13,1
GP,M,17,R,GT3,A,4,0,1,3,2,no,no,no,yes,no,yes,yes,yes,5,4,3,2,2,1,61,14,18,15,1
MS,M,17,U,GT3,T,0,1,2,4,3,no,yes,yes,yes,yes,yes,yes,no,5,5,5,3,2,3,0,20,8,4,0
MS,F,16,R,LE3,A,3,4,2,3,1,yes,no,no,yes,yes,yes,yes,no,5,2,4,1,3,1,20,17,14,4,0
GP,M,21,R,GT3,T,0,4,3,2,0,no,yes,no,yes,no,no,yes,yes,1,2,3,3,1,1,61,9,5,19,1
GP,M,16,U,GT3,A,1,3,2,3,1,no,yes,yes,yes,no,yes,no,yes,3,4,1,1,5,3,63,9,7,20,1
GP,M,16,U,LE3,T,1,2,2,1,3,yes,no,no,no,no,yes,no,no,1,2,5,2,5,1,86,2,13,17,1
GP,F,20,R,LE3,A,4,0,1,1,0,no,yes,yes,no,yes,yes,yes,yes,3,2,5,2,4,2,72,0,4,17,1
MS,F,16,R,GT3,A,4,0,1,1,3,no,yes,no,no,yes,no,no,yes,2,4,2,4,3,4,55,2,16,4,0
MS,F,19,R,LE3,T,1,3,3,3,1,no,yes,yes,yes,no,no,no,no,2,3,5,4,5,2,0,4,6,10,1
MS,F,18,U,LE3,T,3,3,3,1,2,yes,yes,yes,no,yes,yes,no,no,1,5,5,3,4,4,20,6,8,12,1
MS,F,15,U,GT3,T,0,2,2,1,2,no,no,yes,no,yes,yes,no,no,3,5,1,2,1,2,21,2,15,2,0
MS,F,17,U,LE3,T,2,2,1,1,1,no,no,yes,yes,no,yes,yes,no,3,2,3,4,3,4,53,3,17,16,1
MS,F,19,U,LE3,A,4,4,3,2,1,no,yes,no,no,yes,no,no,yes,3,5,5,2,3,1,3,16,12,17,1
GP,F,15,U,GT3,T,2,1,3,3,1,yes,no,no,yes,no,yes,no,yes,2,3,2,1,2,3,64,2,17,13,1
MS,M,21,U,GT3,A,3,2,4,3,0,yes,yes,no,no,no,no,yes,no,1,2,3,4,1,3,50,3,9,11,1
GP,M,21,R,LE3,T,4,3,3,4,3,no,no,no,yes,yes,no,yes,no,4,5,2,3,3,5,73,1,0,13,1
GP,F,21,R,LE3,A,2,2,2,3,3,yes,no,no,yes,yes,no,yes,no,3,1,5,4,4,4,62,13,20,17,1
MS,F,19,U,GT3,A,3,0,1,2,3,no,no,yes,yes,no,yes,yes,no,3,1,3,2,5,5,14,4,17,19,1
GP,M,19,R,LE3,A,0,1,3,3,1,yes,no,yes,no,yes,yes,no,yes,4,1,5,5,1,5,35,20,18,1,0
MS,F,17,R,LE3,A,3,4,4,2,3,yes,no,yes,no,no,no,yes,yes,1,1,1,5,1,4,28,1,1,6,0
GP,F,18,U,LE3,T,4,0,1,2,1,no,yes,yes,yes,yes,no,no,no,3,1,3,2,3,3,51,14,3,14,1
MS,F,22,R,GT3,T,1,0,3,3,0,no,no,yes,yes,yes,no,no,no,1,2,2,1,3,4,45,10,10,9,0
GP,M,16,U,LE3,A,0,1,4,4,2,no,yes,no,no,yes,no,yes,yes,3,4,1,4,3,1,68,9,2,14,1
MS,M,21,U,LE3,T,2,4,3,1,1,yes,yes,yes,no,no,yes,yes,yes,5,4,4,5,4,5,28,19,8,16,1
MS,M,20,R,GT3,T,4,3,1,1,1,no,no,yes,yes,yes,yes,no,yes,3,2,2,1,2,5,46,0,9,10,1
MS,M,18,U,LE3,A,1,4,1,3,2,yes,yes,no,no,no,no,no,yes,5,2,5,2,3,4,90,18,1,1,0
MS,M,20,U,LE3,T,3,2,1,3,2,yes,no,no,no,no,no,yes,no,1,3,2,1,2,5,24,13,6,20,1
MS,F,17,U,GT3,T,1,0,2,2,0,no,yes,yes,no,no,no,yes,yes,3,4,4,2,2,3,79,13,14,17,1
GP,M,17,U,GT3,T,4,2,3,3,3,yes,yes,yes,yes,yes,yes,yes,yes,2,1,2,4,1,5,15,0,18,3,0
GP,F,17,U,GT3,A,4,3,2,2,1,no,no,no,yes,no,no,no,yes,2,2,1,1,5,4,88,8,9,8,0
GP,F,15,U,GT3,T,1,2,1,4,3,yes,no,yes,no,no,yes,no,no,4,1,2,4,5,3,40,16,19,16,1
MS,M,20,U,LE3,A,3,4,4,3,1,no,no,yes,yes,yes,no,yes,no,2,4,3,1,4,3,64,13,13,16,1
GP,M,18,U,LE3,T,1,2,3,1,0,yes,no,yes,no,no,yes,no,yes,5,5,4,2,4,5,68,12,3,16,1
MS,F,22,R,GT3,T,4,3,2,1,2,yes,yes,no,no,no,yes,yes,yes,2,5,2,2,5,4,19,12,10,15,1
MS,F,18,R,GT3,T,4,3,3,3,0,no,no,yes,yes,yes,no,no,no,2,2,4,1,5,5,68,5,2,19,1
GP,F,19,R,LE3,A,2,3,4,2,2,yes,yes,yes,yes,no,yes,no,no,2,3,1,2,1,1,35,6,16,7,0
GP,M,19,U,GT3,A,2,4,2,1,3,no,yes,no,yes,yes,yes,yes,yes,3,1,3,3,1,1,92,1,6,14,1
MS,M,21,U,LE3,T,0,3,1,2,3,yes,yes,no,no,no,yes,yes,no,4,2,5,3,5,3,57,7,10,0,0
GP,M,22,R,GT3,A,4,0,2,3,0,yes,yes,no,no,no,yes,yes,yes,1,3,2,4,3,5,47,5,17,18,1
MS,M,19,R,LE3,T,2,3,3,3,2,yes,yes,yes,yes,yes,no,no,no,4,1,1,3,3,1,81,2,13,14,1
MS,M,17,R,GT3,A,1,2,3,1,0,no,yes,no,yes,no,no,no,yes,5,4,4,3,1,2,1,17,13,8,0
MS,F,18,U,GT3,A,3,2,3,3,2,no,no,yes,yes,no,no,yes,yes,3,5,4,5,2,1,79,17,5,4,0
MS,M,20,R,LE3,T,1,2,3,4,2,no,yes,no,no,no,no,no,no,3,3,1,5,5,5,28,5,8,15,1
MS,F,17,R,GT3,T,3,4,1,4,3,no,yes,yes,no,yes,no,yes,yes,2,1,2,5,4,5,15,10,2,12,1
GP,F,15,U,LE3,T,2,2,2,1,3,no,yes,no,no,yes,yes,no,no,2,2,5,5,3,1,34,2,16,15,1
GP,F,19,R,LE3,T,0,4,1,4,2,yes,no,yes,yes,yes,yes,yes,no,5,1,2,2,2,5,61,15,11,10,1
MS,M,17,U,LE3,A,1,4,1,2,2,yes,no,yes,yes,yes,yes,no,no,3,2,3,4,3,5,80,4,3,12,1
MS,M,17,U,LE3,A,1,3,1,1,2,no,yes,no,no,yes,yes,no,yes,1,5,2,4,2,2,3,1,19,5,0
GP,M,15,U,LE3,A,1,0,3,1,3,yes,no,no,yes,no,no,no,yes,4,5,3,3,5,3,67,14,15,19,1
GP,F,16,R,GT3,T,3,3,3,2,3,yes,yes,yes,yes,yes,no,no,yes,3,1,4,4,5,5,50,15,9,16,1
MS,F,18,R,GT3,T,2,3,3,4,1,yes,no,no,yes,yes,yes,yes,no,1,1,3,3,5,4,88,6,6,4,0
GP,F,20,U,LE3,A,1,4,2,4,2,yes,yes,yes,yes,yes,no,no,yes,1,2,5,4,1,3,32,15,9,16,1
MS,F,21,R,GT3,T,1,4,4,4,1,no,no,no,no,no,yes,yes,yes,4,2,1,1,2,3,77,3,6,0,0
GP,F,16,R,LE3,A,0,2,3,1,2,yes,no,no,yes,no,yes,yes,yes,1,3,3,1,4,4,23,15,17,4,0
MS,F,19,R,GT3,A,0,2,2,1,3,no,no,yes,no,yes,no,yes,yes,5,3,2,4,4,1,74,16,8,4,0
GP,M,17,R,GT3,A,2,3,3,4,1,no,yes,no,no,no,no,yes,no,1,3,3,2,5,2,24,1,17,6,0
MS,M,22,U,GT3,A,2,1,3,3,1,yes,yes,no,yes,no,no,no,yes,5,1,4,3,4,5,27,15,16,15,1
GP,M,15,R,GT3,A,4,1,1,4,0,no,yes,yes,no,no,no,yes,no,1,3,3,4,3,1,6,3,10,17,1
GP,M,15,U,LE3,T,0,2,1,2,2,yes,no,yes,no,no,no,no,no,2,1,5,3,2,4,35,6,0,5,0
MS,F,22,U,LE3,T,4,1,1,1,3,yes,no,no,yes,yes,no,no,no,1,5,3,5,2,2,9,17,16,1,0
GP,F,18,R,GT3,T,3,2,2,2,0,yes,yes,yes,no,yes,no,no,no,5,4,5,4,2,2,35,5,3,12,1
MS,M,16,U,GT3,A,4,4,4,2,0,no,no,no,no,no,yes,no,yes,1,5,2,2,3,2,82,17,3,9,0
GP,F,21,R,LE3,A,1,3,4,1,2,no,yes,no,no,no,no,yes,yes,1,1,4,5,1,4,17,6,13,20,1
MS,M,18,R,GT3,A,4,0,2,3,0,no,yes,yes,no,no,yes,no,yes,1,1,1,4,3,1,5,1,8,19,1
GP,M,22,U,LE3,A,2,3,3,4,2,yes,yes,yes,no,no,yes,yes,no,5,4,2,1,2,5,91,18,12,10,1
MS,M,17,U,LE3,T,3,2,2,2,0,yes,yes,yes,no,yes,no,no,yes,1,2,2,4,2,2,6,8,15,20,1
GP,F,22,U,LE3,T,1,2,3,1,2,yes,no,yes,no,no,yes,no,no,4,2,1,1,2,2,11,3,0,1,0
MS,M,18,U,GT3,A,4,3,2,2,3,no,no,yes,no,yes,no,yes,yes,4,2,3,1,4,1,40,13,2,7,0
GP,M,20,R,LE3,A,3,2,2,4,2,yes,no,yes,yes,no,yes,no,yes,5,3,3,4,1,2,62,4,18,18,1
MS,M,15,R,GT3,A,3,1,2,3,2,yes,yes,no,yes,yes,yes,no,yes,2,2,3,4,3,2,24,6,7,19,1
MS,F,15,R,LE3,T,1,1,4,3,1,no,no,no,yes,no,yes,no,no,4,3,4,1,2,4,80,7,17,16,1
MS,F,19,U,GT3,T,4,2,1,3,3,no,yes,yes,no,yes,no,no,yes,3,3,2,3,5,3,52,14,5,15,1
GP,M,19,U,GT3,T,3,2,2,1,3,no,yes,no,no,yes,yes,no,no,4,2,5,5,1,1,32,18,19,9,0
MS,F,22,U,GT3,A,3,1,4,1,3,yes,yes,no,no,yes,yes,yes,no,3,2,1,2,5,1,86,10,5,4,0
GP,F,21,R,LE3,A,0,2,1,3,0,yes,yes,no,yes,no,yes,no,no,5,4,2,4,1,1,72,19,4,13,1
MS,F,17,U,LE3,T,3,2,1,4,1,yes,yes,no,yes,yes,no,no,yes,2,4,3,5,2,4,5,3,11,18,1
GP,F,20,R,GT3,A,0,3,2,4,3,no,yes,yes,yes,no,yes,yes,yes,3,3,1,5,1,4,61,17,8,3,0
MS,F,16,U,GT3,T,4,0,3,1,0,no,no,no,no,yes,no,no,no,3,4,5,3,1,5,65,13,8,19,1
GP,F,18,R,GT3,A,4,1,3,3,0,no,no,no,yes,yes,yes,yes,no,4,3,2,5,2,4,8,5,16,15,1
GP,F,21,R,LE3,T,4,3,3,4,0,no,no,yes,yes,no,yes,no,no,3,1,2,4,5,1,66,15,18,14,1
MS,F,17,U,LE3,A,2,0,2,4,1,yes,no,yes,no,yes,yes,no,no,5,3,4,5,5,5,15,17,16,8,0
GP,F,19,U,LE3,T,4,2,3,4,0,yes,yes,yes,yes,no,no,yes,no,5,3,2,4,4,3,88,0,15,2,0
GP,F,22,R,LE3,T,3,2,4,1,1,yes,yes,yes,no,no,yes,no,yes,5,4,2,4,5,2,87,7,11,8,0
MS,M,18,R,GT3,T,1,3,4,3,2,yes,no,no,yes,no,yes,no,yes,4,1,5,1,5,2,92,0,2,17,1
GP,M,19,U,GT3,T,0,2,4,2,0,yes,no,yes,no,no,yes,yes,yes,2,5,5,3,1,5,54,0,13,3,0
GP,F,22,U,LE3,T,2,4,4,3,3,yes,no,no,no,yes,yes,yes,no,4,5,1,2,4,3,39,18,16,18,1
GP,M,18,R,LE3,T,4,3,1,3,0,yes,no,no,no,yes,no,no,no,5,5,3,1,2,2,25,20,15,3,0
MS,M,16,U,GT3,A,4,0,4,1,2,yes,no,yes,no,no,yes,yes,yes,4,1,5,2,2,5,37,9,20,8,0
GP,F,17,R,LE3,A,1,3,3,4,2,no,no,yes,no,yes,yes,no,yes,5,2,1,4,3,4,34,17,11,0,0
MS,F,18,R,LE3,A,1,1,2,4,0,no,no,yes,yes,yes,yes,yes,no,1,1,2,1,4,1,86,11,1,0,0
GP,F,20,U,LE3,T,2,3,3,1,2,yes,no,yes,no,no,yes,no,no,1,4,1,5,1,3,67,16,7,19,1
GP,M,21,U,LE3,T,0,2,4,1,1,no,yes,yes,no,yes,no,yes,no,3,3,1,5,3,2,58,0,11,18,1
GP,M,15,U,LE3,A,4,2,1,1,1,yes,yes,yes,no,no,yes,yes,yes,2,3,1,2,3,1,13,7,20,2,0
MS,F,20,U,LE3,T,2,4,4,1,0,yes,yes,no,no,yes,yes,yes,no,1,4,1,4,2,5,46,9,15,9,0
GP,F,20,U,GT3,T,3,4,2,1,1,no,yes,no,yes,yes,no,yes,no,5,4,5,2,5,2,70,9,7,11,1
GP,F,21,R,LE3,T,3,4,3,2,1,yes,no,no,no,no,yes,yes,no,4,3,3,3,1,1,71,17,15,17,1
MS,M,15,R,LE3,T,2,0,2,3,3,yes,yes,no,yes,yes,yes,yes,yes,4,2,1,5,4,4,41,8,9,13,1
GP,M,20,U,GT3,T,4,4,2,3,0,yes,no,yes,no,yes,yes,yes,no,3,2,4,1,3,3,50,1,19,9,0
MS,M,18,U,GT3,A,2,0,2,3,2,yes,yes,yes,no,no,no,yes,yes,4,2,2,1,1,5,18,2,14,9,0
MS,M,18,U,GT3,A,4,4,3,4,0,yes,no,no,yes,yes,yes,yes,no,1,4,2,1,2,2,65,1,3,17,1
GP,F,18,R,LE3,A,1,0,4,2,1,yes,no,no,yes,no,no,no,no,4,3,2,5,3,4,46,5,14,0,0
MS,F,15,U,GT3,A,2,3,2,3,3,yes,yes,no,yes,yes,no,yes,yes,1,3,2,4,3,3,64,11,3,14,1
GP,F,20,U,LE3,A,4,3,3,4,0,no,yes,yes,no,no,no,no,no,1,3,2,5,2,3,41,18,10,7,0
MS,F,22,R,LE3,T,2,2,1,2,0,no,no,yes,yes,no,no,yes,yes,2,1,1,5,2,4,37,14,5,2,0
MS,M,15,R,LE3,T,2,0,3,2,1,yes,no,yes,no,no,no,no,no,3,1,3,1,2,2,12,18,3,17,1
GP,M,18,U,GT3,T,4,1,1,4,1,no,no,no,yes,no,no,no,yes,5,5,4,5,1,3,43,11,8,8,0
MS,F,21,U,GT3,T,4,2,3,2,0,yes,yes,no,yes,no,no,yes,no,1,1,5,1,1,5,23,17,8,15,1
MS,F,20,U,GT3,A,0,3,4,4,1,yes,yes,yes,no,yes,yes,yes,yes,3,2,4,4,1,1,29,15,2,20,1
MS,M,20,R,GT3,A,2,0,2,3,1,yes,no,yes,yes,yes,yes,no,yes,5,2,5,3,5,5,69,1,4,14,1
MS,F,19,U,GT3,A,3,4,4,4,1,yes,yes,no,yes,no,no,no,no,4,2,5,1,3,3,37,10,14,4,0
MS,M,19,U,LE3,T,2,1,3,2,1,no,no,no,no,yes,no,yes,yes,3,2,4,2,1,1,22,11,8,12,1
GP,F,16,U,LE3,A,2,3,2,3,1,no,yes,yes,no,no,no,yes,no,3,5,1,3,5,4,73,4,1,19,1
MS,F,22,R,LE3,T,4,2,1,3,3,no,yes,no,no,yes,no,yes,yes,3,2,2,4,3,1,56,5,2,6,0
GP,F,22,R,LE3,A,2,0,3,1,1,no,yes,yes,yes,yes,no,no,no,4,4,1,3,1,1,78,10,20,15,1
MS,F,17,U,GT3,A,2,1,2,1,2,yes,yes,yes,yes,no,no,yes,no,4,4,2,1,2,1,22,20,11,6,0
GP,F,22,U,GT3,T,3,0,1,2,0,no,yes,no,yes,no,yes,yes,no,3,4,3,4,4,3,35,9,15,15,1
GP,F,19,R,LE3,T,4,4,1,4,3,yes,no,no,yes,yes,yes,yes,no,2,1,5,2,1,2,56,3,4,12,1
MS,F,15,R,GT3,A,2,2,4,4,3,yes,no,no,yes,yes,no,yes,yes,1,3,4,1,4,3,0,8,9,16,1
MS,M,22,R,GT3,A,1,0,3,2,1,no,yes,yes,no,no,no,yes,no,4,5,3,1,1,2,71,11,14,8,0
MS,M,19,R,LE3,T,0,3,1,3,0,yes,no,no,yes,yes,no,no,no,2,4,2,4,2,4,2,9,13,11,1
GP,M,16,R,LE3,A,3,2,2,2,2,no,no,no,no,yes,yes,no,no,4,4,1,4,4,4,13,13,13,12,1
MS,M,20,R,GT3,A,2,3,1,2,1,no,yes,yes,yes,no,no,yes,no,3,2,4,3,5,4,80,4,12,8,0
GP,M,22,R,GT3,T,1,0,1,3,0,no,no,yes,no,yes,yes,yes,no,2,4,5,2,2,4,33,0,15,4,0
GP,F,16,R,LE3,A,2,2,4,4,1,no,yes,no,yes,no,yes,no,yes,5,2,3,3,4,4,69,4,7,6,0
GP,F,20,R,LE3,T,2,3,4,2,1,no,no,yes,yes,no,yes,yes,no,1,2,5,3,4,5,68,15,7,0,0
MS,M,21,U,LE3,A,4,4,2,4,1,yes,no,yes,no,no,no,no,yes,1,3,2,1,2,3,50,4,16,3,0
MS,F,21,U,GT3,T,4,4,4,2,1,no,no,yes,yes,yes,no,yes,yes,4,1,5,4,2,2,28,4,16,3,0
GP,M,20,U,LE3,A,4,0,1,3,1,no,no,no,no,yes,yes,no,no,1,2,1,1,2,4,81,17,2,15,1
GP,M,22,R,LE3,T,1,2,1,3,1,yes,no,no,yes,no,yes,no,no,5,2,3,2,3,5,47,5,0,4,0
MS,F,17,U,GT3,A,2,1,4,1,1,no,no,yes,yes,no,yes,yes,yes,2,3,3,3,5,5,93,20,16,3,0
GP,F,19,R,GT3,T,0,2,1,3,2,no,no,yes,no,yes,yes,no,yes,2,2,1,2,1,5,78,17,15,5,0
MS,F,15,R,GT3,A,3,4,1,1,3,yes,yes,yes,yes,yes,no,yes,yes,3,5,5,4,4,3,78,9,16,2,0
GP,M,15,U,GT3,A,4,3,2,2,2,yes,yes,no,no,yes,yes,no,no,2,1,1,4,1,4,15,14,1,7,0
MS,F,18,R,GT3,A,4,1,4,4,1,no,yes,yes,yes,no,no,yes,yes,4,5,4,5,2,5,56,10,13,16,1
GP,M,20,U,LE3,A,2,0,1,3,1,yes,yes,yes,yes,no,yes,yes,yes,5,4,1,2,5,5,9,18,6,17,1
MS,M,15,U,LE3,A,2,1,4,3,2,no,no,no,yes,yes,no,yes,no,3,1,5,1,5,4,18,12,18,17,1
GP,M,22,U,GT3,A,1,0,2,3,2,yes,no,yes,yes,yes,yes,no,yes,4,4,1,2,3,3,66,19,0,11,1
MS,F,17,R,GT3,A,1,1,4,2,3,no,no,no,yes,yes,no,yes,no,4,2,2,3,2,5,35,2,16,0,0
MS,F,20,U,GT3,A,4,0,1,1,2,no,yes,no,yes,no,no,yes,yes,4,3,1,4,4,2,3,15,9,11,1
GP,M,17,R,GT3,A,2,0,4,2,3,no,yes,no,yes,no,no,yes,no,1,5,1,4,3,1,74,6,5,10,1
GP,F,22,U,GT3,T,0,1,1,4,1,yes,yes,yes,no,yes,yes,no,yes,4,4,5,2,2,1,32,11,6,12,1
MS,F,15,U,LE3,T,3,1,1,2,0,no,no,yes,yes,yes,no,yes,no,1,2,4,2,3,1,27,14,5,2,0
GP,F,15,U,LE3,A,2,0,1,4,0,yes,yes,no,yes,no,yes,no,no,2,5,4,2,1,3,79,7,4,7,0
MS,M,18,R,LE3,T,2,4,2,3,0,no,no,yes,yes,no,no,no,yes,1,5,5,3,2,5,8,16,1,2,0
GP,M,15,R,LE3,A,1,1,4,4,0,no,yes,no,no,yes,no,no,no,4,4,5,3,4,1,74,0,17,16,1
MS,F,20,R,GT3,A,3,2,2,4,1,no,no,yes,no,yes,yes,yes,yes,5,2,5,1,4,1,5,20,16,12,1
MS,M,22,U,LE3,T,4,3,4,1,0,no,yes,no,yes,yes,no,yes,no,5,3,2,2,2,4,48,7,6,9,0
MS,F,21,U,GT3,A,2,0,2,4,2,no,no,no,yes,no,no,no,no,2,4,3,1,3,5,90,13,20,16,1
MS,F,22,R,GT3,A,4,0,3,4,2,yes,yes,yes,yes,yes,yes,yes,no,4,5,1,5,5,5,75,9,18,2,0
MS,F,20,R,GT3,T,2,3,1,2,0,yes,yes,yes,no,no,no,yes,no,1,5,5,3,2,4,21,18,6,12,1
MS,F,20,R,LE3,T,4,4,1,3,2,yes,no,yes,yes,no,no,no,no,5,1,5,4,4,5,47,7,6,5,0
GP,M,18,R,GT3,A,3,3,2,2,3,no,no,yes,no,yes,no,no,no,3,2,5,5,1,2,20,18,15,13,1
GP,M,18,R,LE3,T,1,1,3,2,1,no,yes,no,yes,yes,no,yes,no,4,1,4,4,4,3,32,3,11,9,0
GP,M,15,R,LE3,T,3,3,1,3,0,yes,no,no,no,no,yes,no,yes,4,3,5,5,5,4,80,9,14,19,1
MS,F,16,U,GT3,A,0,0,4,3,0,no,yes,yes,no,yes,no,yes,yes,3,4,1,1,4,1,55,2,14,15,1
MS,F,22,R,GT3,T,1,3,2,4,1,no,no,yes,yes,no,no,no,no,5,5,5,1,5,5,28,3,10,17,1
MS,F,22,U,GT3,T,3,2,1,4,2,no,yes,no,yes,yes,no,yes,no,3,2,1,3,2,2,52,15,1,12,1
MS,M,16,U,LE3,A,0,1,1,1,1,yes,no,yes,yes,yes,no,yes,no,2,5,2,4,4,2,39,3,2,9,0
GP,F,18,R,GT3,T,2,3,2,2,1,yes,yes,yes,yes,yes,no,no,yes,1,1,3,5,3,3,73,19,18,5,0
GP,M,15,R,LE3,T,2,0,2,3,2,yes,yes,yes,yes,yes,no,yes,no,1,1,4,2,3,2,17,19,19,9,0
MS,M,16,U,GT3,A,4,1,4,4,1,yes,yes,yes,yes,no,no,yes,yes,5,4,1,2,4,5,46,12,14,4,0
GP,M,15,R,GT3,A,1,0,4,3,2,yes,no,no,yes,no,no,no,no,3,2,2,3,4,5,12,20,15,5,0
GP,M,15,R,LE3,A,2,4,1,4,2,no,yes,no,no,no,yes,yes,no,4,2,3,4,1,2,26,16,0,6,0
MS,M,15,U,LE3,T,1,2,1,1,1,no,no,yes,yes,yes,yes,yes,no,4,4,3,2,4,5,61,15,14,10,1
GP,M,19,U,LE3,A,2,4,2,1,3,no,no,no,yes,no,yes,yes,no,4,1,3,3,1,5,73,16,11,15,1
MS,F,20,U,LE3,A,4,2,1,3,2,no,no,yes,no,no,yes,no,no,2,1,1,3,1,1,44,5,6,11,1
GP,F,15,R,LE3,T,3,3,1,1,1,yes,yes,yes,yes,no,no,no,yes,2,1,2,4,1,4,2,2,6,11,1
MS,M,19,U,LE3,A,4,1,2,3,2,yes,no,yes,yes,yes,no,no,no,4,5,5,2,1,5,21,19,10,19,1
MS,M,18,R,GT3,A,0,3,1,4,3,no,no,no,yes,no,yes,no,yes,5,3,2,2,2,5,26,3,19,4,0
MS,F,16,U,GT3,A,2,2,1,2,3,yes,no,no,yes,yes,yes,no,yes,2,1,2,2,3,3,54,7,10,15,1
MS,M,20,U,LE3,A,0,2,3,1,0,no,yes,no,no,yes,yes,yes,no,2,3,2,1,1,4,66,19,16,5,0
GP,M,21,U,GT3,T,0,2,4,4,2,no,no,no,no,no,no,yes,no,1,3,1,2,3,4,32,8,2,8,0
MS,F,16,R,LE3,A,1,0,2,2,2,no,no,no,yes,yes,no,yes,no,1,2,1,5,1,4,1,0,15,4,0
MS,M,20,R,GT3,A,2,1,3,2,1,no,no,yes,yes,no,yes,no,yes,5,4,1,1,3,2,74,12,4,20,1
MS,M,21,U,GT3,T,0,3,4,2,2,yes,no,yes,no,no,yes,yes,yes,2,5,2,1,4,1,45,1,1,15,1
GP,M,16,U,LE3,A,3,3,4,4,0,no,yes,no,yes,no,yes,no,yes,2,3,1,1,4,1,73,9,6,17,1
MS,F,20,U,LE3,T,0,4,4,4,3,yes,yes,no,no,no,yes,yes,no,3,5,3,1,3,3,32,18,9,18,1
GP,F,16,R,LE3,T,3,2,3,3,3,no,no,no,no,no,yes,no,yes,5,2,1,3,1,4,57,16,4,11,1
MS,F,16,U,GT3,T,1,2,3,2,0,no,no,yes,no,yes,no,yes,yes,5,1,4,5,2,4,6,12,14,1,0
GP,M,21,R,LE3,A,0,2,4,2,2,no,no,no,yes,no,yes,yes,yes,3,3,1,4,3,5,14,13,11,9,0
GP,M,16,U,GT3,T,4,3,1,2,2,no,no,yes,yes,yes,no,no,no,3,4,1,2,5,2,25,10,9,11,1
MS,F,16,U,LE3,T,1,4,1,3,0,yes,yes,yes,yes,no,yes,yes,yes,1,2,1,1,2,2,10,9,16,13,1
GP,M,21,U,GT3,T,3,0,3,2,1,no,yes,no,no,no,yes,yes,yes,5,5,1,4,5,3,37,6,19,17,1
MS,M,18,U,GT3,A,1,1,3,4,3,yes,yes,yes,yes,no,no,no,no,5,1,4,3,3,1,26,9,19,18,1
MS,M,15,U,LE3,A,0,0,3,2,0,no,yes,yes,yes,yes,yes,yes,no,3,5,5,4,1,4,6,0,10,5,0
MS,M,22,U,GT3,A,2,3,4,1,0,no,no,no,no,yes,no,yes,no,4,4,1,1,5,3,0,13,7,4,0
GP,M,17,R,GT3,A,2,2,1,4,2,no,no,yes,yes,yes,no,no,yes,4,3,3,5,3,2,73,2,14,15,1
GP,F,19,U,LE3,A,3,1,3,3,3,yes,yes,no,yes,yes,yes,no,yes,1,4,4,4,2,2,20,12,1,13,1
MS,M,17,R,GT3,A,3,3,3,2,2,no,yes,yes,yes,no,yes,no,yes,4,5,5,1,1,2,78,1,16,12,1
MS,F,17,U,LE3,A,2,3,2,1,0,no,no,no,no,no,no,no,no,4,5,1,1,5,4,29,16,5,20,1
GP,M,20,U,LE3,T,3,3,4,3,1,no,no,no,yes,yes,no,no,yes,4,4,5,2,3,4,93,20,20,1,0
MS,F,15,R,LE3,T,1,1,2,3,3,no,no,yes,no,yes,yes,yes,no,2,4,3,2,1,4,7,2,12,1,0
MS,M,20,U,LE3,T,4,1,1,4,0,no,no,no,no,yes,no,no,no,1,4,4,5,1,5,87,14,7,11,1
MS,F,15,R,GT3,T,4,4,2,3,0,yes,no,yes,no,no,yes,no,yes,3,1,4,2,4,1,82,7,10,0,0
GP,M,21,R,GT3,A,1,4,2,3,1,yes,yes,yes,yes,yes,no,yes,yes,4,5,5,5,1,2,2,5,14,18,1
GP,F,21,U,GT3,T,4,0,2,3,0,no,yes,no,yes,yes,yes,yes,yes,2,2,1,3,3,2,54,8,12,15,1
GP,M,22,R,LE3,T,0,1,4,3,0,no,no,yes,yes,no,no,yes,no,4,1,2,3,2,5,14,10,17,6,0
MS,F,15,R,GT3,T,1,1,1,2,3,yes,no,no,no,yes,no,yes,no,2,1,4,2,4,2,35,1,17,20,1
MS,M,16,U,GT3,T,3,1,2,2,3,no,yes,yes,no,no,yes,yes,yes,1,1,2,3,3,2,5,8,16,6,0
MS,F,18,R,LE3,A,1,4,4,2,3,yes,no,yes,yes,no,no,no,no,4,2,4,4,3,4,41,17,12,15,1
GP,F,22,U,LE3,A,2,3,1,2,2,no,yes,no,no,no,no,yes,yes,2,4,1,4,3,4,49,18,2,5,0
MS,M,22,U,GT3,A,3,2,3,1,1,no,yes,yes,yes,no,no,no,yes,5,5,1,4,5,1,17,17,20,17,1
MS,M,16,U,LE3,T,2,4,2,2,3,yes,yes,yes,yes,no,no,yes,yes,5,3,4,3,5,2,82,4,6,0,0
MS,F,18,U,LE3,A,3,1,1,3,2,no,yes,yes,yes,yes,no,no,no,2,3,5,4,2,3,49,17,11,0,0
MS,M,20,R,LE3,T,4,4,2,2,2,yes,no,yes,yes,yes,no,yes,no,4,5,1,5,3,2,29,11,3,13,1
GP,F,18,U,LE3,A,1,0,3,2,1,yes,no,yes,yes,no,no,no,yes,4,2,1,1,5,2,76,3,10,5,0
GP,F,20,U,GT3,A,0,1,1,4,1,yes,yes,yes,yes,no,yes,no,yes,1,3,3,2,5,1,38,14,13,5,0
MS,F,21,R,LE3,A,3,0,4,3,0,no,no,yes,yes,yes,no,no,no,1,1,1,5,5,3,11,10,17,3,0
GP,M,17,U,LE3,A,3,1,1,2,2,yes,no,yes,no,yes,no,no,yes,3,3,3,4,2,2,58,18,6,11,1
GP,F,21,U,LE3,A,2,4,4,2,3,yes,no,no,yes,no,yes,no,no,1,5,1,1,2,3,75,4,4,17,1
MS,F,21,R,LE3,T,4,3,1,2,1,no,no,yes,no,yes,no,no,yes,4,1,1,2,3,4,43,5,15,9,0
MS,M,17,R,LE3,A,2,2,4,1,2,no,yes,yes,no,yes,no,no,no,3,3,5,5,4,4,87,12,10,2,0
GP,M,18,R,LE3,T,2,0,3,2,3,no,no,no,yes,no,yes,no,yes,1,5,5,2,3,3,3,9,2,2,0
MS,M,22,R,LE3,T,4,4,3,4,2,no,yes,no,no,yes,no,no,no,2,2,1,3,5,2,35,13,15,7,0
GP,M,18,R,LE3,T,0,3,3,3,1,no,yes,no,no,yes,no,no,yes,5,5,4,4,5,3,47,3,10,0,0
MS,F,20,R,GT3,T,2,4,1,3,0,no,no,yes,no,yes,yes,yes,no,1,2,4,5,1,3,13,19,9,17,1
GP,F,16,R,LE3,T,2,0,3,2,2,yes,yes,no,yes,yes,yes,no,no,1,1,1,5,3,4,80,11,1,14,1
MS,F,20,U,GT3,A,3,2,2,2,3,no,no,no,yes,no,no,no,no,2,5,4,1,5,3,48,14,15,20,1
GP,F,16,R,LE3,A,4,4,3,2,1,yes,no,yes,yes,yes,no,yes,no,4,4,1,1,5,5,66,9,16,19,1
GP,M,21,R,LE3,A,1,1,4,3,0,no,yes,yes,yes,no,yes,no,yes,2,4,5,1,4,5,86,10,9,16,1
GP,F,17,R,LE3,A,0,3,4,3,3,yes,no,no,yes,yes,no,no,no,1,4,2,2,1,4,76,8,17,10,1
MS,F,21,U,LE3,T,0,4,4,1,3,yes,yes,no,no,no,yes,yes,no,4,4,3,4,3,2,8,10,11,12,1
GP,M,15,U,GT3,A,4,3,1,4,3,no,yes,yes,no,no,yes,yes,yes,3,4,4,2,2,2,20,1,7,19,1
GP,F,18,R,LE3,A,3,1,2,1,2,no,no,yes,yes,yes,yes,no,no,1,2,4,4,3,4,71,12,2,9,0
MS,F,16,R,LE3,T,3,2,3,4,1,yes,no,yes,no,no,no,yes,yes,2,5,5,5,3,2,80,7,19,12,1
MS,F,20,R,GT3,T,4,2,2,1,3,no,no,yes,no,no,yes,no,no,3,1,4,2,4,1,15,20,2,16,1
GP,F,17,U,GT3,A,3,1,2,3,2,no,yes,yes,no,no,yes,no,no,5,4,1,2,3,5,15,20,5,20,1
GP,F,16,U,LE3,A,0,3,4,1,1,yes,no,no,no,no,yes,no,no,3,4,1,2,4,1,27,7,1,0,0
MS,F,20,R,GT3,T,0,4,4,4,1,yes,yes,yes,yes,no,no,yes,no,2,1,2,3,4,1,50,0,2,19,1
MS,M,18,U,GT3,A,1,1,4,2,2,yes,yes,yes,yes,yes,no,no,no,3,1,2,4,5,1,55,5,16,15,1
MS,M,21,R,GT3,A,4,0,1,4,2,no,no,yes,yes,no,no,no,no,2,4,2,4,2,4,79,12,8,15,1
MS,F,18,U,LE3,A,2,3,2,2,3,no,no,yes,no,no,yes,yes,yes,1,2,1,2,4,1,56,8,3,20,1
MS,F,19,U,LE3,A,2,2,2,3,1,no,no,yes,no,yes,no,no,yes,4,1,2,3,1,3,51,5,1,2,0
GP,M,15,R,LE3,T,1,1,1,4,0,no,yes,no,yes,yes,no,no,no,5,5,2,2,1,2,45,14,8,1,0
MS,F,19,R,GT3,T,1,2,1,1,2,yes,no,yes,yes,no,yes,no,no,4,5,1,4,2,4,77,15,13,5,0
GP,F,17,R,LE3,T,3,3,1,4,1,no,yes,no,no,yes,yes,no,yes,4,2,5,5,4,3,37,3,10,10,1
GP,F,16,R,GT3,A,1,2,2,2,1,yes,no,yes,yes,yes,no,no,yes,4,3,4,3,2,3,83,16,1,2,0
GP,M,17,U,LE3,A,1,1,2,3,3,no,no,no,yes,yes,no,no,no,2,2,3,3,5,5,47,8,20,0,0
MS,F,21,U,LE3,A,2,3,4,1,0,no,yes,no,no,yes,yes,yes,no,2,4,1,2,1,5,40,11,1,10,1
GP,M,20,U,GT3,A,3,0,4,4,3,yes,yes,yes,no,yes,no,no,no,5,3,1,5,3,3,58,18,4,12,1
GP,F,18,R,LE3,A,1,1,2,2,0,no,no,yes,yes,yes,yes,no,no,2,4,3,4,1,5,92,19,6,4,0
MS,M,19,U,GT3,T,1,4,4,1,0,no,no,yes,no,no,yes,yes,no,2,5,3,1,4,2,66,11,3,17,1
GP,M,22,R,GT3,A,3,1,1,3,2,yes,no,yes,yes,no,no,no,no,2,1,2,4,2,2,73,5,13,14,1
GP,F,19,U,LE3,A,4,3,3,1,1,no,no,yes,no,yes,no,no,yes,2,4,3,4,1,5,83,11,1,17,1
MS,M,21,R,GT3,T,3,1,4,3,1,yes,no,no,no,yes,no,yes,no,1,5,4,5,3,1,65,8,11,14,1
GP,F,19,R,LE3,A,2,0,2,1,1,yes,yes,yes,yes,no,no,yes,no,5,2,4,3,3,3,26,19,9,19,1
GP,M,21,U,LE3,T,4,0,4,4,0,yes,yes,yes,no,yes,yes,yes,yes,2,4,4,4,2,2,31,4,0,19,1
GP,F,22,R,GT3,T,0,4,4,2,1,yes,yes,no,yes,no,no,yes,yes,5,5,4,3,2,5,55,20,18,19,1
MS,F,17,R,LE3,T,3,2,4,4,2,no,yes,yes,no,yes,no,yes,yes,3,1,4,5,1,5,9,2,15,6,0
MS,M,18,U,GT3,T,2,3,3,4,0,no,no,no,yes,no,no,yes,yes,1,4,2,5,4,2,39,1,14,16,1
MS,F,16,R,LE3,T,4,3,1,3,0,no,yes,yes,no,no,yes,yes,no,2,5,1,2,5,2,16,7,13,7,0
GP,F,20,R,LE3,A,3,2,2,3,0,yes,yes,no,no,yes,no,no,yes,1,4,3,1,3,1,57,9,8,12,1
GP,M,16,R,LE3,T,1,0,3,3,0,no,yes,yes,yes,yes,no,no,yes,1,1,1,5,2,5,5,14,20,15,1
MS,F,17,U,LE3,T,3,0,2,4,2,no,no,no,no,yes,yes,no,no,3,4,3,5,5,5,38,8,14,9,0
GP,F,20,U,LE3,A,0,1,2,1,1,no,yes,no,yes,yes,yes,yes,yes,5,4,2,3,5,4,17,9,6,13,1
GP,M,19,R,GT3,A,3,4,2,1,2,no,no,yes,no,no,yes,no,yes,1,5,2,5,5,1,72,10,3,5,0
MS,M,22,U,GT3,T,4,4,3,4,1,yes,yes,yes,no,yes,yes,yes,no,4,3,5,4,4,2,71,8,20,19,1
MS,F,22,R,GT3,A,4,4,1,4,2,yes,no,yes,yes,no,yes,no,no,3,4,5,2,2,2,88,13,17,6,0
GP,F,15,R,GT3,A,3,1,2,2,3,no,yes,no,no,yes,no,no,no,4,3,2,2,3,3,41,4,7,5,0
GP,M,17,R,GT3,T,4,4,1,3,3,yes,no,no,no,no,yes,no,no,3,2,2,4,2,2,3,8,11,16,1
GP,M,17,R,GT3,T,1,2,1,3,3,no,yes,no,yes,yes,yes,no,no,4,4,3,5,1,5,19,3,14,20,1
MS,F,18,R,LE3,A,3,1,4,4,3,no,no,yes,no,yes,yes,yes,no,4,3,2,1,3,2,27,1,14,7,0
MS,M,16,U,LE3,T,1,2,3,4,0,no,no,yes,yes,no,yes,yes,no,1,2,1,5,2,5,39,18,16,11,1
MS,F,17,R,GT3,T,1,1,3,1,0,yes,yes,no,yes,yes,yes,no,yes,1,5,3,2,3,5,64,0,1,3,0
MS,F,17,U,GT3,A,2,4,4,4,2,no,no,yes,yes,yes,yes,yes,yes,3,4,2,1,1,1,43,20,11,9,0
GP,F,19,U,LE3,T,3,2,4,1,2,yes,no,no,no,yes,yes,yes,no,5,5,3,3,3,2,22,0,2,5,0
MS,F,19,R,LE3,T,4,2,1,4,3,yes,yes,yes,no,yes,yes,no,yes,1,2,3,3,5,1,56,11,6,6,0
MS,F,20,R,LE3,T,1,2,2,2,1,no,yes,yes,yes,yes,no,yes,no,1,5,4,5,4,5,46,10,5,20,1
MS,M,21,U,GT3,T,2,1,3,2,3,yes,no,no,no,no,no,yes,yes,2,5,5,5,1,2,12,0,13,7,0
MS,M,21,U,GT3,T,3,3,2,1,2,yes,yes,yes,yes,yes,no,yes,no,1,1,3,1,3,2,15,13,4,2,0
MS,M,15,U,GT3,A,3,4,2,3,3,no,yes,yes,no,no,yes,yes,yes,5,2,3,1,1,1,89,10,3,7,0
GP,M,21,R,LE3,A,0,2,4,2,2,yes,yes,yes,yes,yes,yes,no,no,2,5,4,5,5,1,54,6,14,14,1
GP,F,18,U,LE3,T,0,3,2,1,3,yes,no,yes,yes,yes,yes,no,yes,4,3,2,2,4,5,64,1,6,20,1
MS,F,15,R,GT3,A,1,4,1,4,1,no,no,yes,no,no,no,yes,no,4,2,3,3,1,5,80,14,2,0,0
GP,F,20,R,GT3,T,0,4,4,4,3,no,no,no,yes,no,yes,no,yes,2,1,4,1,5,2,15,7,12,12,1
MS,F,19,R,LE3,T,1,2,2,1,1,yes,no,yes,yes,no,yes,no,yes,2,4,1,2,5,2,36,19,9,17,1
MS,M,21,U,LE3,T,4,2,4,3,1,no,no,no,no,no,yes,no,no,2,5,4,5,5,4,51,14,1,14,1
GP,F,16,R,LE3,T,1,1,1,1,2,no,no,yes,yes,no,no,yes,yes,3,3,5,4,3,4,9,7,11,6,0
GP,F,19,R,LE3,T,0,3,1,1,1,yes,no,yes,yes,yes,no,yes,yes,5,1,5,1,2,3,37,9,11,14,1
MS,M,22,R,GT3,A,4,3,2,2,0,yes,yes,no,no,no,yes,no,yes,5,2,2,4,1,5,43,18,18,2,0
MS,M,18,R,LE3,A,0,2,4,1,0,no,no,no,yes,no,no,no,yes,4,5,2,2,2,3,73,2,18,13,1
MS,M,19,R,LE3,T,1,4,2,1,0,yes,no,yes,yes,yes,yes,yes,yes,4,1,5,3,5,3,53,19,20,19,1
GP,M,18,U,LE3,A,2,2,2,4,2,no,yes,yes,yes,yes,yes,no,no,4,1,5,2,2,1,50,13,2,3,0
MS,F,18,R,GT3,T,3,4,4,2,0,no,yes,no,yes,no,no,yes,no,1,3,3,3,5,1,51,8,5,3,0
MS,F,18,R,GT3,A,0,4,2,4,2,yes,yes,no,yes,no,no,no,yes,4,4,5,2,5,4,69,8,1,2,0
MS,M,20,U,LE3,T,1,2,1,4,2,yes,no,no,yes,no,no,yes,no,2,4,2,1,4,3,91,20,12,4,0
GP,F,18,R,LE3,A,4,0,4,3,0,no,yes,no,yes,yes,no,yes,yes,4,4,5,1,4,4,91,5,8,10,1
MS,F,18,U,LE3,T,0,3,4,3,1,no,no,yes,yes,no,yes,yes,no,2,2,2,4,2,5,58,7,12,7,0
MS,F,22,R,GT3,T,0,4,4,2,3,no,no,yes,no,yes,yes,yes,yes,3,1,1,2,1,2,12,10,13,1,0
GP,M,16,U,GT3,A,3,4,4,2,2,no,no,yes,yes,yes,no,no,yes,1,2,5,2,2,1,40,7,18,15,1
MS,F,15,U,GT3,A,1,0,2,3,0,yes,yes,yes,yes,yes,no,yes,yes,1,1,2,4,1,5,11,11,10,9,0
MS,M,17,R,LE3,T,2,1,2,3,2,no,yes,yes,no,yes,yes,no,yes,5,3,4,5,2,5,49,9,13,17,1
GP,F,22,R,GT3,A,4,0,1,3,1,yes,no,no,yes,no,yes,yes,no,3,3,3,2,3,1,56,3,15,6,0
MS,F,15,R,LE3,T,1,0,3,3,1,yes,no,no,yes,yes,yes,yes,no,2,2,2,2,3,1,49,15,9,4,0
GP,F,18,U,LE3,A,4,4,3,3,0,no,no,no,yes,yes,yes,no,no,3,2,5,2,1,3,56,19,19,6,0
GP,M,16,U,LE3,A,0,3,1,4,2,yes,yes,yes,yes,no,no,no,yes,1,3,5,5,4,4,53,5,15,20,1
MS,F,19,U,GT3,T,3,0,3,2,3,yes,no,no,yes,yes,no,no,no,2,5,1,1,1,5,65,8,1,5,0
MS,M,16,R,LE3,A,3,1,1,4,3,no,yes,yes,yes,no,no,yes,no,3,4,4,4,2,3,7,4,15,0,0
MS,M,22,U,GT3,A,2,2,2,4,2,yes,no,yes,no,yes,yes,yes,yes,1,4,2,5,5,3,62,20,13,10,1
MS,M,18,U,GT3,T,3,0,4,1,2,yes,yes,yes,no,no,yes,no,yes,2,3,4,3,3,5,8,5,20,12,1
GP,F,16,R,LE3,A,0,0,4,4,2,no,no,no,no,yes,no,yes,yes,2,4,1,3,5,5,59,16,17,11,1
MS,F,21,U,LE3,T,2,1,2,3,0,no,yes,yes,no,yes,no,no,no,1,5,3,5,3,2,62,16,5,0,0
GP,F,16,U,GT3,T,1,3,4,3,1,no,yes,yes,no,no,no,yes,no,2,5,4,5,2,4,71,12,6,20,1
MS,F,18,R,LE3,T,3,0,4,1,3,no,yes,no,yes,yes,yes,yes,yes,1,1,1,1,3,5,2,16,12,14,1
MS,M,20,U,GT3,T,2,0,3,1,0,no,yes,yes,yes,yes,no,yes,no,4,2,2,3,1,1,72,13,1,0,0
MS,M,21,R,LE3,T,0,3,2,1,2,no,yes,no,yes,no,yes,no,yes,4,4,3,4,5,2,12,1,14,2,0
GP,M,16,R,GT3,A,4,1,3,1,2,no,yes,yes,yes,yes,no,yes,no,2,5,5,2,5,4,8,18,16,14,1
MS,F,17,R,GT3,T,4,0,3,1,1,yes,no,no,yes,yes,no,no,yes,2,2,1,2,2,1,88,2,12,8,0
MS,M,17,R,GT3,T,0,3,4,4,2,yes,no,yes,no,no,no,no,no,1,2,5,1,5,1,51,1,6,13,1
MS,F,16,R,GT3,A,0,0,4,1,0,no,no,yes,no,no,yes,yes,no,2,1,3,1,2,4,61,1,0,7,0
MS,M,20,U,LE3,A,4,2,2,4,0,yes,no,no,yes,no,yes,no,no,5,2,1,3,4,2,7,6,2,3,0
GP,F,19,U,LE3,A,2,4,4,2,1,yes,yes,yes,yes,no,yes,no,yes,4,2,1,4,1,1,44,3,19,19,1
MS,F,18,R,GT3,T,4,2,4,1,0,no,no,no,yes,no,yes,yes,yes,2,3,3,4,3,3,52,16,17,19,1
GP,M,17,R,GT3,T,0,0,2,1,3,yes,yes,yes,no,yes,yes,no,yes,2,1,2,5,3,4,62,5,6,5,0
GP,M,19,U,LE3,T,3,1,4,4,0,no,yes,no,no,no,yes,no,no,3,1,1,1,3,4,80,6,20,0,0
GP,M,16,R,LE3,A,1,4,3,2,0,yes,yes,yes,yes,yes,no,yes,yes,2,4,3,2,4,5,56,19,16,17,1
GP,M,22,R,LE3,T,3,2,2,4,0,no,no,yes,no,no,yes,yes,no,5,2,4,2,1,2,53,5,11,5,0
GP,F,19,R,LE3,A,3,3,4,4,3,yes,yes,yes,yes,yes,no,yes,yes,4,4,5,3,5,3,18,8,15,13,1
GP,M,21,U,LE3,T,0,1,1,1,2,yes,no,no,no,yes,yes,no,yes,3,5,1,2,5,3,66,19,9,10,1
MS,M,15,U,LE3,A,4,2,2,3,0,yes,no,no,no,no,no,no,no,1,2,4,4,1,5,45,3,15,16,1
GP,M,17,R,GT3,T,2,3,2,3,1,no,no,no,yes,yes,no,yes,no,1,5,1,4,1,1,93,4,19,8,0
GP,F,16,R,LE3,T,3,0,1,4,3,yes,no,no,no,yes,yes,no,yes,4,3,2,1,3,1,9,18,17,6,0
GP,F,22,U,LE3,T,4,3,4,1,1,yes,no,no,no,no,no,yes,yes,1,2,3,3,5,3,92,9,14,13,1
MS,M,18,U,GT3,A,2,2,4,2,0,no,yes,yes,yes,no,yes,yes,no,5,4,1,2,1,2,17,17,10,16,1
MS,F,22,R,LE3,A,3,2,2,3,1,no,yes,yes,no,no,yes,yes,no,2,4,3,1,5,1,11,14,17,7,0
GP,M,20,R,LE3,T,2,0,2,2,0,yes,no,yes,yes,no,yes,no,yes,4,2,1,5,1,4,48,0,5,15,1
MS,F,21,U,LE3,T,4,3,4,3,3,yes,yes,yes,no,yes,yes,no,no,3,4,2,5,2,5,22,4,0,11,1
GP,F,16,U,LE3,T,1,3,4,1,1,yes,no,yes,yes,yes,no,yes,yes,2,2,2,2,3,2,61,4,6,11,1
GP,F,18,U,LE3,A,4,0,3,4,1,yes,yes,no,yes,yes,yes,yes,yes,1,1,4,2,1,1,10,7,11,4,0
MS,F,20,R,GT3,T,0,3,2,2,0,no,yes,yes,no,yes,no,no,yes,1,4,2,2,4,3,72,19,19,4,0
GP,M,20,U,LE3,T,2,0,2,2,0,yes,yes,no,no,yes,no,yes,no,3,2,3,4,1,5,55,14,3,13,1
MS,M,16,R,GT3,T,1,1,1,4,2,yes,yes,yes,yes,yes,no,no,yes,5,2,2,2,2,1,87,16,9,5,0
MS,M,21,U,GT3,T,2,2,3,2,0,no,yes,no,no,no,yes,yes,yes,3,4,1,5,4,3,88,18,20,6,0
GP,F,19,U,LE3,A,2,1,4,3,0,yes,yes,no,no,yes,no,yes,no,4,1,2,2,4,1,54,12,1,20,1
GP,M,19,U,GT3,A,3,4,3,4,2,yes,yes,no,no,yes,yes,no,no,3,4,3,3,1,5,24,20,8,16,1
MS,M,20,U,LE3,T,0,4,4,3,0,yes,yes,yes,yes,yes,no,no,no,1,2,1,5,2,4,8,9,9,8,0
GP,M,19,R,GT3,T,2,4,4,3,0,no,yes,yes,yes,no,yes,no,yes,5,1,4,3,4,4,11,16,19,12,1
GP,F,15,R,GT3,A,4,0,3,1,2,no,yes,yes,yes,no,yes,no,no,5,5,4,5,3,3,10,4,10,8,0
GP,F,20,U,LE3,A,4,3,2,3,3,yes,yes,yes,no,no,yes,no,no,3,3,4,1,3,4,37,17,13,15,1
MS,F,20,R,LE3,T,3,1,4,1,3,yes,yes,no,no,no,yes,yes,yes,4,4,1,5,5,5,27,16,2,3,0
MS,M,18,U,LE3,A,0,1,3,2,0,no,yes,no,yes,yes,no,yes,yes,1,2,4,5,5,3,7,3,0,1,0
GP,M,19,U,LE3,A,0,1,1,2,0,yes,no,no,yes,yes,no,no,yes,2,1,2,3,2,1,73,6,6,12,1
MS,M,21,U,LE3,T,4,1,3,1,2,yes,yes,no,no,yes,yes,no,yes,5,1,1,3,4,2,88,4,3,12,1
MS,F,20,U,GT3,A,1,4,1,3,2,no,yes,yes,no,no,no,yes,no,3,5,1,5,3,1,46,7,6,18,1
MS,F,22,R,GT3,A,3,1,4,4,3,no,yes,no,no,yes,yes,yes,yes,4,4,1,5,3,5,35,7,15,11,1
MS,M,21,U,GT3,T,3,3,3,4,1,no,yes,yes,no,yes,yes,no,no,4,1,5,4,2,3,49,10,9,3,0
MS,F,15,U,GT3,T,4,4,3,1,0,yes,yes,no,yes,yes,no,no,yes,1,5,3,1,4,1,8,8,14,9,0
GP,F,18,R,GT3,A,4,1,1,2,1,yes,yes,no,no,no,yes,yes,yes,5,2,5,1,2,3,59,18,15,15,1
GP,F,16,U,GT3,T,1,0,3,2,1,yes,no,no,no,no,yes,no,no,1,5,5,2,1,4,71,18,5,18,1
GP,F,21,U,GT3,A,1,2,3,4,2,yes,no,yes,yes,no,yes,yes,no,2,4,5,5,3,2,66,8,3,7,0
MS,M,20,U,LE3,T,0,2,4,1,0,no,no,yes,yes,yes,yes,yes,no,2,5,3,5,2,5,52,19,3,5,0
MS,F,15,R,LE3,A,3,2,3,4,0,yes,yes,no,no,yes,yes,no,yes,2,1,5,5,2,1,81,16,3,3,0
GP,F,17,U,GT3,T,3,4,2,3,2,yes,yes,no,yes,yes,no,yes,yes,4,1,4,5,1,2,16,15,16,6,0
MS,F,15,R,GT3,A,4,1,1,3,1,no,yes,no,no,yes,no,yes,no,5,3,1,1,5,5,52,6,12,13,1
GP,F,15,U,LE3,A,0,4,3,1,2,no,no,yes,no,no,no,yes,no,1,5,1,3,3,5,27,2,1,12,1
GP,M,18,U,LE3,A,3,3,1,1,3,yes,yes,yes,yes,yes,yes,no,yes,1,2,2,4,2,4,62,20,19,20,1
GP,M,16,R,LE3,T,0,0,1,3,0,no,yes,yes,yes,no,yes,yes,no,2,4,4,3,3,3,14,18,5,4,0
MS,F,17,U,LE3,T,0,0,1,2,3,no,no,no,no,yes,yes,no,no,5,3,3,3,5,3,18,7,0,8,0
MS,F,19,U,GT3,A,4,2,3,1,2,yes,no,yes,yes,no,yes,yes,yes,5,5,1,1,2,2,85,4,7,2,0
GP,F,19,R,LE3,A,0,2,3,3,0,yes,yes,no,no,yes,yes,yes,no,3,2,5,4,1,4,69,5,17,9,0
GP,F,21,R,GT3,T,1,2,1,3,3,yes,yes,yes,no,yes,yes,yes,yes,5,3,2,5,3,5,46,1,20,14,1
GP,F,15,R,GT3,T,1,1,2,2,3,yes,yes,no,no,no,no,yes,yes,5,1,2,1,1,4,70,18,3,19,1
GP,F,22,R,GT3,T,2,3,1,2,1,no,yes,no,yes,no,yes,yes,yes,1,4,1,1,5,4,47,12,4,20,1
MS,M,18,R,LE3,T,4,3,2,2,0,no,no,yes,no,yes,no,no,no,5,5,4,4,5,2,72,5,4,16,1
MS,F,22,U,LE3,T,2,3,1,2,3,yes,yes,no,no,yes,yes,no,no,5,2,2,2,3,3,19,5,14,5,0
GP,M,18,R,GT3,T,1,3,4,4,3,yes,yes,no,no,yes,no,yes,no,1,1,1,1,5,4,36,1,9,2,0
GP,M,19,U,GT3,A,2,2,1,2,1,no,no,no,yes,no,yes,no,no,5,3,4,3,4,4,74,4,7,17,1
MS,F,21,U,GT3,T,4,0,1,4,3,yes,yes,yes,no,yes,no,no,yes,1,4,1,3,3,4,1,10,6,4,0
MS,M,21,U,LE3,A,4,2,3,1,3,yes,yes,no,no,no,no,yes,yes,3,3,1,5,4,1,63,10,11,12,1
GP,M,21,R,GT3,T,0,3,2,3,3,yes,no,yes,no,yes,yes,no,no,4,3,4,1,5,4,85,13,10,0,0
GP,M,17,R,LE3,T,3,2,4,4,1,yes,no,yes,yes,yes,yes,no,no,1,2,4,5,3,4,35,12,12,16,1
GP,M,16,U,GT3,A,0,3,2,1,3,no,yes,no,no,yes,no,no,no,1,1,4,1,4,5,4,7,14,2,0
MS,M,17,R,GT3,A,4,4,4,1,3,yes,no,yes,no,yes,yes,no,no,5,5,1,4,5,1,63,14,16,18,1
MS,M,20,R,GT3,T,1,0,1,4,0,no,no,no,yes,no,yes,yes,yes,1,2,2,1,2,4,6,11,17,20,1
MS,F,20,R,LE3,A,1,4,3,1,0,yes,yes,yes,yes,no,yes,no,no,2,4,3,2,2,4,69,2,7,19,1
GP,M,22,R,LE3,A,0,1,3,1,1,yes,no,no,no,yes,no,yes,yes,2,3,3,3,1,2,21,20,5,11,1
GP,M,16,U,GT3,A,4,2,2,4,2,no,yes,yes,no,yes,yes,yes,no,3,4,1,4,2,2,73,4,10,7,0
MS,M,19,U,LE3,A,1,1,3,1,0,yes,yes,no,no,yes,no,no,no,1,2,1,3,4,1,45,5,8,7,0
MS,F,16,R,GT3,T,4,2,2,2,1,no,yes,no,yes,no,no,yes,no,5,2,2,5,2,5,39,1,4,14,1
GP,M,18,U,LE3,A,1,4,2,2,3,yes,yes,no,yes,yes,yes,no,yes,5,5,4,4,3,1,60,7,6,10,1
MS,F,20,R,LE3,T,4,3,4,3,3,yes,no,no,no,no,no,yes,no,4,3,1,2,3,1,45,4,14,19,1
MS,M,15,R,LE3,T,2,3,2,1,1,yes,yes,yes,yes,no,yes,no,yes,3,2,5,3,3,2,83,16,20,0,0
GP,F,15,U,GT3,T,4,2,4,3,3,yes,yes,yes,no,no,yes,no,yes,5,4,4,1,2,2,27,1,3,15,1
MS,F,19,U,LE3,T,4,3,3,2,3,yes,yes,no,no,no,no,yes,no,4,5,1,1,2,5,86,10,18,13,1
GP,M,18,U,LE3,A,0,4,2,2,2,no,yes,yes,yes,yes,no,no,yes,5,4,5,1,1,4,34,3,12,6,0
GP,M,22,R,GT3,A,2,3,2,2,3,no,no,no,no,yes,no,no,yes,4,3,2,4,5,5,0,10,0,5,0
GP,F,17,U,GT3,T,3,4,1,1,0,yes,no,no,yes,no,no,no,yes,2,5,5,2,1,4,28,8,0,20,1
GP,M,18,R,GT3,T,0,1,2,1,3,yes,no,yes,yes,yes,no,no,no,2,5,1,2,4,3,8,5,13,3,0
GP,F,15,U,GT3,T,3,4,2,2,1,no,yes,yes,no,yes,yes,yes,yes,5,5,3,2,3,2,8,1,8,7,0
GP,F,15,U,LE3,T,1,0,1,3,2,no,no,no,yes,yes,no,yes,yes,3,1,1,3,2,3,21,14,11,18,1
GP,F,22,R,LE3,A,3,0,1,3,3,yes,no,yes,no,no,yes,yes,no,1,5,3,4,5,3,62,4,17,2,0
MS,F,20,R,LE3,T,4,0,3,4,1,yes,yes,no,yes,yes,yes,no,no,3,4,2,1,5,2,65,11,8,3,0
GP,F,18,R,LE3,A,3,2,2,2,0,no,no,yes,no,yes,no,yes,yes,3,4,2,3,2,3,79,12,7,12,1
GP,M,18,R,LE3,T,0,2,3,3,3,yes,yes,yes,no,yes,no,no,yes,1,3,4,2,1,1,57,16,13,20,1
MS,F,15,R,GT3,T,0,2,3,2,2,no,no,yes,no,yes,no,no,yes,2,2,4,1,5,4,69,3,8,1,0
MS,F,17,R,LE3,T,3,4,1,3,3,yes,no,yes,yes,yes,no,no,yes,2,2,3,4,1,5,54,9,19,10,1
MS,M,19,R,LE3,T,0,2,4,4,1,no,no,yes,no,yes,no,yes,no,1,1,3,5,2,2,12,0,1,15,1
GP,F,21,R,LE3,A,0,1,3,4,2,no,no,no,yes,yes,yes,yes,no,4,5,2,2,1,1,18,10,0,9,0
MS,M,19,U,GT3,A,3,0,4,2,3,yes,yes,yes,yes,yes,yes,yes,yes,3,1,5,2,3,5,78,15,12,14,1
GP,M,18,R,GT3,A,2,4,2,3,0,no,yes,yes,yes,yes,yes,yes,no,5,3,3,2,2,5,32,10,9,9,0
GP,M,19,R,LE3,T,2,0,1,1,2,yes,no,no,yes,yes,no,no,yes,2,3,3,2,2,5,73,8,7,1,0
GP,F,15,U,GT3,T,1,2,2,4,0,yes,yes,no,yes,no,no,yes,no,5,2,5,1,5,3,64,1,6,5,0
GP,F,15,R,GT3,A,0,4,2,2,1,yes,no,no,no,yes,yes,yes,no,1,3,4,4,5,3,59,6,11,13,1
MS,F,22,U,GT3,A,3,3,1,2,3,yes,no,yes,yes,no,no,yes,yes,5,5,4,3,5,3,11,18,16,1,0
MS,M,18,U,GT3,T,0,1,2,3,0,no,no,yes,no,yes,no,yes,yes,5,4,3,1,3,3,42,17,11,9,0
GP,F,22,R,GT3,T,4,2,1,2,1,yes,no,no,no,no,no,no,yes,3,3,4,4,3,1,92,19,15,16,1
GP,M,18,U,GT3,A,0,2,4,4,3,yes,no,no,yes,no,yes,yes,yes,1,1,4,3,4,3,16,6,9,7,0
GP,F,21,R,GT3,T,0,1,2,2,1,yes,no,no,no,yes,no,yes,no,5,5,4,2,2,2,67,8,11,15,1
MS,M,21,U,LE3,T,2,1,1,2,0,yes,yes,no,no,no,yes,yes,no,2,3,2,4,5,5,28,11,10,13,1
GP,F,20,U,LE3,A,3,3,3,1,1,no,yes,yes,yes,no,no,no,yes,1,3,1,2,2,1,54,2,13,9,0
GP,F,18,U,GT3,T,0,2,2,1,2,yes,no,yes,no,no,no,yes,no,2,5,3,4,1,3,6,15,19,12,1
MS,F,17,R,LE3,A,2,2,4,4,3,no,yes,yes,yes,yes,yes,yes,no,4,3,3,5,3,5,43,6,12,0,0
MS,M,19,R,LE3,T,1,0,1,3,1,no,no,yes,yes,no,no,yes,yes,5,4,2,2,4,1,76,4,1,9,0
GP,M,18,U,GT3,A,2,4,2,1,0,no,yes,yes,yes,no,no,no,yes,1,2,1,2,1,5,4,6,19,11,1
MS,F,16,U,LE3,T,2,4,2,3,3,yes,yes,no,no,yes,no,no,no,2,5,1,2,2,1,59,18,6,16,1
MS,F,20,R,GT3,A,2,0,2,4,2,yes,yes,yes,no,no,yes,yes,yes,5,1,2,1,3,4,5,16,0,13,1
GP,M,16,R,GT3,A,0,4,4,1,3,yes,no,no,no,no,no,yes,yes,3,3,5,3,5,1,6,15,2,4,0
MS,M,15,U,GT3,A,0,1,1,3,2,yes,yes,no,no,no,no,no,no,2,2,5,2,1,3,45,20,19,18,1
GP,M,21,U,LE3,A,1,4,3,1,3,no,no,no,yes,yes,no,no,no,2,1,1,2,3,5,56,20,11,4,0
MS,F,19,R,LE3,T,4,4,3,4,1,no,no,yes,yes,no,no,no,yes,4,1,5,1,2,5,53,18,4,14,1
GP,M,18,R,LE3,T,4,0,3,4,1,yes,no,no,no,yes,no,no,no,3,4,5,1,2,5,91,17,11,12,1
GP,F,16,R,LE3,A,4,3,1,1,0,yes,yes,yes,yes,no,yes,no,yes,4,2,5,5,1,2,45,18,2,16,1
GP,M,19,R,GT3,T,1,4,3,3,2,yes,yes,no,no,no,yes,yes,yes,3,5,1,4,1,2,9,3,19,0,0
MS,F,15,R,GT3,T,4,4,4,2,0,yes,yes,yes,yes,no,no,yes,no,2,2,5,2,1,3,3,0,4,13,1
GP,M,21,U,LE3,T,4,3,1,2,1,yes,no,no,yes,no,no,yes,no,4,2,3,4,4,4,66,3,0,3,0
MS,M,17,R,GT3,T,2,0,2,1,2,yes,no,yes,yes,yes,yes,yes,yes,5,1,1,1,5,2,24,3,15,8,0
GP,M,20,U,GT3,T,0,3,4,3,0,yes,yes,no,yes,no,no,no,yes,3,4,2,1,3,1,86,8,8,16,1
GP,M,19,R,LE3,A,0,0,2,2,0,no,no,no,yes,yes,no,no,yes,2,4,5,5,2,3,90,7,9,2,0
MS,M,19,U,GT3,A,2,1,3,4,0,no,yes,no,no,no,no,no,no,1,2,4,3,2,4,77,1,9,12,1
GP,F,17,R,LE3,A,2,0,4,3,0,no,yes,no,no,yes,no,no,yes,3,2,1,1,5,1,60,5,12,11,1
GP,M,19,R,GT3,A,2,1,1,2,0,no,yes,yes,yes,no,no,no,no,3,3,2,2,1,5,37,10,15,15,1
MS,M,15,U,LE3,T,0,1,4,3,2,yes,yes,yes,no,no,no,yes,yes,5,1,3,5,1,2,31,3,19,3,0
GP,M,15,U,GT3,T,4,0,2,1,0,yes,no,yes,yes,yes,no,yes,no,3,5,2,3,2,1,22,13,3,17,1
GP,F,17,R,GT3,A,2,2,1,3,2,yes,yes,no,yes,yes,no,yes,yes,3,5,5,5,5,4,36,20,13,2,0
GP,M,20,R,LE3,T,1,0,4,2,0,yes,yes,no,yes,yes,yes,yes,no,5,4,4,1,2,3,2,8,16,16,1
GP,F,18,R,LE3,T,2,4,4,1,1,yes,yes,no,yes,yes,yes,yes,yes,5,1,5,3,1,1,12,1,4,0,0
MS,M,16,R,LE3,A,3,4,4,3,1,no,yes,no,no,no,no,no,yes,4,4,2,4,3,3,33,0,12,18,1
MS,M,18,R,LE3,T,2,2,4,4,0,yes,yes,no,yes,yes,no,no,yes,2,5,1,3,1,5,87,3,2,3,0
GP,F,19,U,GT3,A,0,1,1,2,3,no,yes,no,no,yes,no,no,yes,2,2,4,2,3,4,64,11,4,16,1
MS,M,16,U,GT3,A,2,2,2,1,1,yes,yes,yes,yes,yes,no,no,no,4,1,4,4,4,4,75,4,15,6,0
GP,F,22,R,LE3,T,3,4,4,3,2,no,no,yes,yes,no,yes,no,no,2,1,2,4,5,2,7,8,18,1,0
MS,F,17,U,GT3,T,1,2,1,4,0,yes,no,yes,no,no,yes,yes,no,3,3,5,2,4,4,82,3,18,11,1
GP,M,17,U,LE3,A,4,0,2,2,2,no,no,yes,yes,no,yes,yes,no,4,2,2,4,1,1,8,15,16,4,0
GP,F,20,U,LE3,A,2,2,4,4,3,yes,no,yes,yes,no,yes,yes,no,4,2,4,1,5,1,27,1,17,15,1
GP,M,16,R,GT3,T,3,1,2,3,0,yes,yes,yes,no,yes,no,no,yes,2,4,2,3,1,1,77,15,17,7,0
GP,M,15,U,GT3,A,3,0,2,3,1,yes,no,yes,no,no,no,no,no,1,1,4,3,5,5,90,15,7,7,0
GP,F,16,R,LE3,A,1,3,1,1,2,yes,no,yes,no,yes,no,no,no,2,4,5,2,5,4,17,20,17,12,1
GP,F,19,U,LE3,A,0,4,2,4,1,no,no,no,yes,no,yes,no,no,1,2,1,1,1,4,41,10,8,13,1
MS,F,15,R,LE3,T,2,4,1,1,1,yes,yes,no,yes,yes,no,yes,no,4,3,1,4,1,1,40,0,18,10,1
GP,F,21,U,GT3,A,3,2,4,2,0,no,no,no,no,yes,no,no,yes,1,1,2,3,5,2,69,14,9,5,0
MS,M,21,R,GT3,T,1,0,2,1,2,yes,no,no,no,yes,yes,yes,yes,3,2,4,3,5,2,32,3,1,15,1
GP,M,22,R,GT3,A,4,3,2,2,3,no,yes,no,yes,yes,yes,no,yes,5,3,1,3,1,4,88,17,16,14,1
MS,F,21,U,GT3,T,3,0,3,3,1,yes,no,no,yes,yes,yes,yes,yes,1,5,4,3,1,4,76,16,12,15,1
MS,M,17,R,LE3,A,1,4,4,3,0,yes,yes,no,no,no,yes,no,no,5,2,5,5,2,3,53,6,10,12,1
MS,M,16,R,LE3,T,0,0,4,4,0,no,no,yes,no,yes,yes,no,no,3,5,2,2,2,4,86,17,15,11,1
GP,M,21,R,LE3,T,0,3,3,2,3,yes,yes,yes,no,yes,no,yes,yes,5,4,4,4,2,1,35,12,19,17,1
GP,M,18,R,LE3,T,3,2,3,3,0,yes,no,no,no,yes,no,yes,yes,3,5,2,4,4,5,84,19,6,17,1
MS,F,20,R,LE3,A,3,1,1,4,1,no,no,yes,yes,yes,yes,no,no,5,2,4,2,5,4,55,19,2,13,1
GP,F,18,R,LE3,A,2,0,1,4,0,yes,no,yes,yes,no,no,yes,no,5,5,4,1,3,4,16,9,15,1,0
MS,M,21,R,GT3,A,1,1,2,1,2,no,yes,yes,yes,no,no,no,yes,2,1,5,2,4,1,9,0,18,1,0
GP,F,22,R,GT3,T,3,4,2,4,2,yes,no,yes,yes,yes,no,no,yes,1,2,2,3,5,3,86,1,19,2,0
MS,F,20,U,LE3,A,2,2,2,3,1,no,yes,yes,no,yes,no,yes,yes,5,3,3,3,3,4,43,16,15,7,0
MS,F,19,U,LE3,T,2,2,2,1,2,no,yes,no,yes,yes,yes,no,yes,4,5,4,2,2,2,1,2,1,10,1
GP,M,18,R,GT3,A,3,0,1,2,3,no,yes,yes,no,yes,no,no,no,2,1,4,2,3,2,13,16,13,11,1
MS,M,22,R,GT3,T,0,2,4,2,0,no,yes,no,yes,no,no,yes,no,1,4,1,4,1,2,40,11,19,3,0
GP,M,16,U,GT3,T,1,0,2,3,1,yes,no,no,yes,no,no,no,no,2,4,2,4,1,5,1,11,9,8,0
MS,F,16,U,GT3,T,1,0,4,3,3,yes,no,no,yes,yes,yes,no,yes,1,5,3,5,5,5,18,19,18,16,1
MS,M,18,U,LE3,A,0,1,2,1,0,no,no,yes,no,yes,no,no,no,3,4,5,5,4,4,79,9,10,15,1
GP,M,21,R,LE3,A,3,2,3,1,3,yes,yes,no,yes,yes,yes,no,no,5,3,3,3,2,4,88,6,17,16,1
GP,F,22,U,LE3,A,1,0,2,3,1,yes,no,no,no,yes,yes,yes,yes,4,2,5,5,5,4,0,9,10,14,1
GP,M,16,R,LE3,T,3,1,2,3,1,yes,yes,no,no,yes,yes,yes,yes,2,1,3,5,2,5,1,17,8,19,1
MS,M,19,R,LE3,T,3,3,2,2,3,no,yes,no,yes,no,yes,yes,yes,2,5,3,1,1,4,26,5,18,6,0
GP,F,15,U,GT3,A,2,1,1,2,0,yes,yes,yes,no,no,no,no,yes,2,4,2,2,4,1,1,6,19,9,0
MS,F,21,R,LE3,A,0,1,3,2,2,yes,no,no,yes,yes,yes,yes,yes,2,2,1,4,4,3,93,16,9,3,0
MS,F,22,R,GT3,A,3,0,2,3,2,no,no,no,no,no,yes,yes,yes,5,3,3,5,1,2,50,11,2,13,1
GP,M,19,R,LE3,T,4,4,2,4,3,yes,yes,no,yes,no,yes,yes,no,1,4,4,4,3,2,9,16,2,13,1
GP,M,22,R,LE3,T,0,4,4,3,1,no,no,no,no,no,yes,no,no,5,4,4,5,4,1,18,17,7,13,1
MS,M,20,U,LE3,T,1,4,3,3,0,no,no,yes,no,yes,yes,yes,no,3,1,4,5,3,4,79,13,5,13,1
MS,F,19,U,LE3,T,2,1,2,2,0,no,yes,no,yes,no,no,yes,no,5,3,1,3,2,5,12,10,19,19,1
GP,F,21,R,LE3,T,1,0,4,3,1,yes,yes,no,yes,no,yes,no,no,5,3,3,1,4,4,47,1,0,17,1
GP,M,20,R,GT3,A,1,2,4,1,2,yes,no,no,yes,yes,no,no,no,3,5,5,2,1,4,55,20,19,14,1
GP,M,21,U,GT3,T,0,1,1,3,0,no,yes,no,yes,no,no,no,yes,5,1,5,2,3,2,71,0,5,18,1
GP,F,16,R,GT3,T,1,1,4,3,3,no,yes,no,no,yes,yes,no,yes,1,5,2,3,2,2,55,10,1,12,1
GP,F,15,U,LE3,T,3,0,2,3,2,no,no,no,no,no,no,no,yes,4,1,1,3,2,5,49,1,18,11,1
MS,F,21,R,LE3,T,1,3,1,3,3,no,no,yes,no,yes,no,no,no,3,3,3,2,4,2,44,15,6,18,1
MS,F,21,R,GT3,T,2,1,1,4,2,no,yes,no,no,yes,no,yes,no,2,1,4,2,4,4,88,2,10,18,1
MS,M,16,U,LE3,A,2,3,2,3,1,no,no,yes,yes,no,yes,yes,yes,1,1,1,1,5,1,58,19,10,19,1
MS,F,17,U,LE3,T,4,3,3,1,3,yes,yes,yes,no,no,yes,no,yes,4,1,1,5,5,5,38,0,3,1,0
GP,M,16,U,GT3,T,2,4,4,1,3,no,yes,no,yes,yes,yes,no,yes,1,2,3,1,4,1,20,20,19,20,1
GP,M,20,U,LE3,T,1,0,1,3,1,no,no,yes,no,yes,yes,yes,yes,1,2,2,2,5,4,54,19,15,2,0
GP,M,16,R,GT3,A,2,3,3,2,3,no,yes,no,yes,no,yes,no,yes,2,3,2,5,1,5,56,7,4,9,0
MS,F,16,U,LE3,A,0,0,2,4,2,yes,yes,yes,yes,no,yes,no,no,4,1,2,2,1,1,40,18,6,4,0
MS,F,15,R,GT3,A,2,4,4,3,0,yes,yes,no,yes,no,yes,yes,no,1,3,4,1,5,5,92,0,15,11,1
GP,F,16,U,LE3,T,3,0,4,3,0,yes,no,yes,yes,no,no,no,no,2,2,4,1,4,4,69,4,14,6,0
GP,F,22,U,LE3,A,0,1,1,3,1,yes,no,yes,yes,yes,no,no,yes,3,1,3,1,1,5,81,0,4,8,0
MS,M,21,R,GT3,T,4,3,4,2,2,no,no,no,no,yes,yes,yes,no,2,5,2,5,2,4,48,10,0,1,0
MS,F,22,U,LE3,T,3,0,4,2,3,yes,yes,yes,yes,yes,no,yes,yes,5,2,3,4,4,5,43,20,19,9,0
GP,F,15,U,LE3,A,1,2,4,2,3,no,yes,yes,no,no,yes,yes,no,2,2,2,4,3,5,34,8,8,5,0
GP,M,18,U,GT3,T,1,0,4,4,0,no,no,yes,no,no,yes,yes,yes,2,2,1,2,3,2,90,4,20,11,1
MS,F,17,U,LE3,T,1,3,2,1,3,no,no,yes,yes,yes,yes,yes,yes,2,1,5,5,4,4,4,1,4,5,0
GP,M,22,R,GT3,T,3,4,3,4,0,no,no,yes,no,yes,no,no,no,1,4,5,3,5,3,70,12,5,2,0
GP,M,15,R,LE3,A,3,4,2,2,1,no,yes,no,no,yes,yes,no,no,4,5,2,4,1,5,73,17,2,9,0
GP,M,20,U,LE3,T,3,3,2,1,3,no,no,yes,no,yes,yes,no,no,2,5,3,5,1,1,73,11,5,8,0
MS,M,18,U,LE3,T,0,1,1,1,2,yes,yes,yes,yes,yes,yes,no,no,2,3,4,5,4,2,50,13,7,19,1
MS,M,15,U,LE3,A,0,1,4,2,3,yes,no,no,yes,yes,yes,no,no,5,1,2,4,2,2,56,4,5,4,0
MS,M,15,R,GT3,T,1,4,2,2,0,yes,yes,no,yes,no,no,yes,yes,5,2,2,5,5,5,57,9,15,2,0
MS,M,17,R,LE3,T,2,4,4,4,1,yes,yes,no,yes,yes,yes,no,no,3,4,4,5,2,3,91,19,15,4,0
MS,M,21,R,GT3,A,1,3,2,2,0,yes,no,yes,no,yes,no,no,no,3,1,2,4,4,2,35,1,20,7,0
MS,F,22,R,LE3,T,4,1,2,1,3,no,yes,yes,no,yes,no,no,yes,5,1,1,1,4,4,9,3,2,7,0
MS,F,20,U,LE3,T,0,4,1,3,0,yes,no,yes,no,yes,yes,no,no,4,4,4,2,2,5,49,11,16,13,1
GP,F,19,U,LE3,T,3,1,3,2,0,yes,yes,yes,no,yes,yes,no,yes,3,2,1,3,3,5,36,10,20,16,1
GP,F,22,U,LE3,T,0,4,3,2,1,yes,yes,no,no,yes,no,yes,no,4,1,5,2,4,3,19,3,5,10,1
GP,M,19,R,GT3,T,3,0,2,4,2,no,no,no,no,yes,no,no,no,5,5,4,1,5,4,12,10,5,15,1
GP,F,15,U,GT3,A,4,2,1,4,3,no,yes,yes,yes,no,no,no,yes,3,5,4,1,2,4,74,8,18,5,0
GP,M,16,R,GT3,A,4,0,4,2,1,no,no,yes,no,yes,no,no,no,2,4,3,5,3,3,18,9,19,10,1
GP,F,20,R,GT3,A,0,4,4,1,2,yes,no,yes,no,no,yes,no,no,5,2,3,2,2,1,91,5,14,9,0
GP,F,18,U,LE3,A,3,2,2,1,0,yes,no,yes,no,no,no,no,no,3,4,4,1,3,4,55,14,18,8,0
MS,F,16,U,GT3,T,4,2,3,3,2,yes,yes,no,yes,no,no,no,no,4,1,5,2,3,1,44,9,1,14,1
MS,M,16,U,GT3,T,1,4,1,2,0,yes,yes,no,no,yes,no,yes,yes,4,5,2,1,5,1,59,20,7,6,0
GP,F,22,R,LE3,T,1,4,3,4,0,yes,yes,yes,no,yes,no,no,yes,3,3,3,3,4,5,67,5,6,17,1
GP,M,20,R,LE3,T,3,1,4,1,1,no,no,no,yes,yes,yes,yes,no,4,4,5,1,3,5,56,0,7,0,0
MS,M,21,U,LE3,T,0,4,3,3,0,yes,no,yes,no,yes,yes,yes,no,3,3,5,2,4,2,53,20,12,14,1
GP,F,15,U,LE3,A,4,3,4,2,1,no,yes,yes,yes,yes,yes,no,yes,3,3,3,5,5,5,36,19,14,1,0
GP,F,15,R,GT3,A,0,4,1,1,2,yes,yes,no,yes,yes,no,no,yes,4,5,2,2,4,4,82,20,11,1,0
MS,F,15,U,GT3,T,1,3,1,2,2,no,no,yes,no,yes,no,no,no,1,4,3,4,1,4,36,3,14,9,0
GP,M,15,R,LE3,T,4,4,2,2,0,no,yes,no,no,yes,yes,yes,yes,2,3,5,2,3,1,13,13,13,19,1
MS,F,22,R,LE3,T,0,1,2,1,1,no,no,yes,yes,yes,yes,no,yes,5,1,1,3,5,4,91,19,6,14,1
GP,M,19,U,LE3,A,2,3,3,1,0,no,yes,no,no,yes,no,no,yes,2,2,3,3,2,5,43,19,16,9,0
MS,M,15,U,GT3,T,3,0,1,1,1,yes,no,yes,no,no,yes,no,yes,5,2,5,3,5,5,82,7,4,18,1
MS,F,19,U,GT3,T,3,3,1,2,1,yes,yes,no,yes,yes,no,yes,no,5,5,3,1,3,5,41,10,19,12,1
MS,F,19,U,LE3,T,2,1,2,2,1,yes,yes,yes,yes,yes,no,yes,yes,2,4,5,3,5,3,0,14,9,10,1
GP,M,21,R,LE3,A,1,3,4,3,2,no,no,yes,no,yes,no,no,no,3,4,2,2,2,4,22,18,18,1,0
MS,M,15,R,GT3,T,4,4,3,4,1,yes,no,no,yes,no,no,yes,no,4,2,5,5,1,2,63,7,17,20,1
GP,M,17,R,LE3,A,3,4,3,2,2,yes,no,yes,no,yes,no,no,yes,1,1,4,3,3,4,27,12,9,12,1
GP,F,18,U,LE3,A,2,1,2,4,1,yes,yes,no,no,yes,no,yes,no,1,2,1,2,3,4,3,17,1,20,1
GP,M,16,R,GT3,A,2,2,1,1,2,yes,no,no,no,no,yes,no,no,1,2,5,1,5,3,40,16,5,0,0
GP,F,19,U,LE3,A,1,4,2,2,3,no,no,yes,no,yes,yes,yes,yes,2,4,3,1,4,4,59,5,2,4,0
MS,M,20,U,GT3,A,1,0,2,3,2,no,yes,yes,yes,no,yes,no,yes,2,3,3,5,4,1,17,14,18,20,1
MS,M,20,U,LE3,A,0,1,2,3,2,yes,no,yes,no,no,no,no,yes,3,1,5,5,2,5,62,12,4,6,0
GP,F,18,U,LE3,T,3,3,2,4,0,yes,no,yes,yes,no,yes,yes,no,1,4,4,2,1,5,60,17,6,12,1
GP,M,20,U,GT3,T,0,3,4,1,1,yes,no,no,no,no,no,yes,no,3,2,5,5,1,3,48,10,6,12,1
MS,F,17,U,GT3,T,2,0,4,4,3,no,yes,yes,no,yes,no,yes,no,1,3,2,5,5,5,46,12,9,19,1
GP,F,20,R,LE3,A,4,4,1,1,0,no,yes,yes,yes,no,no,yes,no,2,1,4,1,5,1,38,0,0,20,1
MS,M,16,U,GT3,T,4,1,2,3,1,no,yes,yes,no,no,no,yes,yes,4,5,5,2,4,3,88,17,10,5,0
GP,F,16,R,LE3,A,1,0,4,4,3,yes,no,no,yes,yes,yes,no,no,4,1,1,5,1,2,81,4,6,19,1
GP,F,19,R,LE3,A,4,4,1,3,3,no,yes,yes,yes,yes,yes,no,yes,4,1,4,2,1,5,5,5,5,11,1
MS,M,15,U,GT3,A,4,1,2,3,3,no,no,no,no,yes,yes,yes,yes,4,2,5,3,1,4,82,0,5,7,0
GP,F,21,U,LE3,T,4,3,3,1,1,no,no,yes,no,no,no,no,yes,5,2,1,1,2,1,52,6,12,8,0
MS,F,17,U,LE3,A,2,1,4,4,3,no,no,no,no,yes,yes,no,yes,1,5,5,1,2,1,75,3,15,17,1
GP,F,19,R,GT3,A,4,2,1,4,3,no,yes,yes,no,no,yes,yes,no,4,5,2,1,5,5,24,8,12,10,1
GP,M,17,U,GT3,T,4,1,3,3,0,yes,yes,yes,yes,no,yes,no,yes,5,5,3,4,4,2,64,14,1,19,1
GP,F,15,R,LE3,T,4,2,2,3,2,yes,no,no,no,yes,no,no,no,5,4,5,2,3,4,4,5,18,10,1
MS,M,22,U,GT3,A,0,1,2,1,1,yes,no,yes,no,yes,yes,yes,yes,5,4,4,3,4,2,64,16,18,14,1
GP,M,20,U,GT3,A,2,2,2,2,2,yes,yes,yes,no,yes,no,yes,yes,3,2,5,5,2,2,7,19,18,8,0
GP,F,20,R,GT3,T,1,3,4,2,0,no,yes,yes,no,yes,yes,no,yes,3,2,5,3,2,5,38,17,17,2,0
GP,F,21,R,GT3,T,0,4,1,3,2,yes,yes,no,no,yes,no,yes,no,5,5,5,2,5,4,42,3,5,16,1
GP,F,15,U,LE3,T,3,2,3,2,3,yes,no,yes,yes,yes,yes,no,yes,4,4,5,1,3,5,81,8,1,16,1
MS,M,19,R,LE3,A,2,2,1,2,3,yes,yes,no,no,no,yes,yes,yes,1,3,4,4,1,5,72,13,18,2,0
MS,F,21,R,LE3,T,2,3,4,2,1,no,yes,no,yes,no,yes,yes,yes,2,4,4,2,3,1,4,2,5,18,1
GP,F,15,R,GT3,T,3,2,1,2,1,yes,yes,no,no,yes,no,yes,yes,3,2,5,2,3,5,3,0,19,8,0
MS,F,18,R,GT3,T,3,0,4,3,1,no,no,yes,no,no,yes,yes,no,4,4,3,5,3,3,92,10,14,16,1
GP,F,16,R,GT3,A,3,3,2,2,0,no,yes,no,no,no,yes,no,no,4,2,5,3,5,4,0,0,5,17,1
GP,F,21,U,GT3,T,1,0,3,2,1,no,no,no,yes,no,no,yes,yes,2,5,4,3,2,1,93,11,2,14,1
GP,M,21,U,GT3,T,4,3,2,1,0,yes,no,yes,no,no,no,yes,yes,2,5,2,5,1,4,55,8,10,0,0
MS,M,19,R,GT3,T,2,2,1,3,3,no,no,no,yes,no,no,no,no,4,5,5,4,3,1,44,4,7,9,0
MS,F,17,U,GT3,T,4,0,2,4,2,yes,yes,no,yes,no,no,no,no,2,3,5,1,1,3,64,14,17,7,0
MS,F,18,U,LE3,T,4,2,3,4,3,yes,yes,yes,no,yes,yes,no,no,4,3,5,1,3,5,2,17,16,9,0
MS,F,19,R,LE3,A,3,3,2,1,3,yes,yes,yes,yes,yes,yes,no,yes,2,2,5,4,2,1,21,8,18,1,0
MS,F,15,U,GT3,A,1,2,3,1,3,no,no,no,no,yes,no,yes,no,2,1,1,5,1,1,71,12,18,18,1
MS,M,15,R,GT3,A,0,0,3,3,1,no,yes,yes,no,no,yes,no,yes,4,3,5,2,4,1,55,12,20,13,1
MS,F,15,R,GT3,T,1,0,2,4,1,yes,no,yes,yes,yes,no,yes,no,5,2,4,3,2,3,17,12,16,7,0
MS,M,22,U,LE3,A,4,2,4,2,1,no,yes,yes,no,yes,yes,no,no,4,4,4,2,1,4,24,9,3,18,1
MS,M,15,R,LE3,A,1,1,1,1,2,no,yes,no,no,yes,no,yes,yes,1,5,1,3,3,3,47,9,6,0,0
GP,F,17,R,GT3,A,3,3,4,4,1,no,yes,no,yes,no,yes,no,no,2,5,5,2,3,1,83,6,4,15,1
MS,M,18,R,GT3,T,0,3,4,3,0,yes,yes,yes,yes,yes,no,yes,yes,3,5,3,5,2,1,30,4,15,14,1
MS,M,20,R,LE3,T,3,2,2,2,3,no,no,no,yes,no,no,yes,no,2,2,5,5,2,5,29,19,5,19,1
MS,M,16,R,LE3,A,0,1,1,3,2,no,no,yes,yes,yes,yes,no,yes,1,5,4,4,3,3,79,6,13,4,0
MS,M,17,U,LE3,A,4,0,1,1,2,yes,no,yes,yes,yes,yes,yes,no,3,3,2,2,1,3,65,19,19,2,0
MS,F,17,U,LE3,T,0,4,4,4,2,no,no,yes,yes,yes,yes,yes,no,3,4,2,2,4,2,80,9,1,16,1
MS,F,22,R,GT3,T,0,4,2,4,2,yes,yes,yes,no,no,no,yes,yes,4,5,3,4,5,4,9,9,17,9,0
MS,M,20,R,LE3,A,0,2,1,4,2,no,no,yes,yes,no,yes,yes,yes,5,2,5,4,2,2,70,20,17,4,0
MS,F,20,U,LE3,T,1,1,4,4,0,no,no,no,yes,no,no,no,yes,4,4,1,5,3,2,58,12,12,10,1
MS,F,16,R,GT3,A,1,1,1,2,3,no,no,no,no,no,yes,yes,yes,3,5,5,5,1,4,50,14,17,5,0
MS,F,16,U,LE3,T,4,3,2,2,2,no,yes,no,no,no,yes,yes,no,3,1,3,2,2,5,8,5,16,3,0
MS,F,20,R,LE3,A,0,0,2,3,3,no,no,no,yes,yes,no,no,no,5,5,3,5,1,5,53,19,12,6,0
GP,F,15,R,LE3,A,2,1,2,2,1,no,no,yes,yes,yes,no,no,no,2,3,3,5,2,4,61,11,11,18,1
GP,M,17,R,GT3,T,4,4,1,1,2,yes,yes,yes,no,no,yes,no,no,5,4,2,2,3,4,80,18,2,6,0
MS,F,19,R,LE3,A,0,0,3,1,2,no,yes,no,yes,no,no,yes,no,4,3,5,4,1,3,8,10,6,13,1
MS,F,16,R,GT3,A,0,0,1,4,3,no,no,no,yes,yes,no,yes,no,2,1,5,2,3,3,8,5,0,16,1
GP,F,22,R,GT3,A,1,2,3,1,2,no,no,yes,no,no,yes,no,yes,4,1,1,1,1,3,23,0,4,16,1
